"REMIND";"Variable";"factor";"remark"
"Cap|Electricity (GW)";"Capacity|Electricity (GW)";1;
"Cap|Electricity|Biomass (GW)";"Capacity|Electricity|Biomass (GW)";1;
"Cap|Electricity|Biomass|w/ CC (GW)";"Capacity|Electricity|Biomass|w/ CCS (GW)";1;
"Cap|Electricity|Biomass|w/o CC (GW)";"Capacity|Electricity|Biomass|w/o CCS (GW)";1;
"Cap|Electricity|Coal (GW)";"Capacity|Electricity|Coal (GW)";1;
"Cap|Electricity|Coal|w/ CC (GW)";"Capacity|Electricity|Coal|w/ CCS (GW)";1;
"Cap|Electricity|Coal|w/o CC (GW)";"Capacity|Electricity|Coal|w/o CCS (GW)";1;
"Cap|Electricity|Gas (GW)";"Capacity|Electricity|Gas (GW)";1;
"Cap|Electricity|Gas|CC|w/ CC (GW)";"Capacity|Electricity|Gas|CC|w/ CCS (GW)";1;
"Cap|Electricity|Gas|CC|w/o CC (GW)";"Capacity|Electricity|Gas|CC|w/o CCS (GW)";1;
"Cap|Electricity|Gas|w/ CC (GW)";"Capacity|Electricity|Gas|w/ CCS (GW)";1;
"Cap|Electricity|Gas|w/o CC (GW)";"Capacity|Electricity|Gas|w/o CCS (GW)";1;
"Cap|Electricity|Geothermal (GW)";"Capacity|Electricity|Geothermal (GW)";1;
"Cap|Electricity|Hydro (GW)";"Capacity|Electricity|Hydro (GW)";1;
"Cap|Electricity|Hydrogen (GW)";"Capacity|Electricity|Hydrogen (GW)";1;
"Cap|Electricity|Nuclear (GW)";"Capacity|Electricity|Nuclear (GW)";1;
"Cap|Electricity|Oil|w/o CC (GW)";"Capacity|Electricity|Oil (GW)";1;
"Cap|Electricity|Peak Demand|Estimated from FE x 1p4 x 1p1 (GW)";"Capacity|Electricity|Peak Demand (GW)";1;
"Cap|Electricity|Solar (GW)";"Capacity|Electricity|Solar (GW)";1;
"Cap|Electricity|Solar|CSP (GW)";"Capacity|Electricity|Solar|CSP (GW)";1;
"Cap|Electricity|Solar|PV (GW)";"Capacity|Electricity|Solar|PV (GW)";1;
"Cap|Electricity|Wind (GW)";"Capacity|Electricity|Wind (GW)";1;
"Cap|Electricity|Wind|Onshore (GW)";"Capacity|Electricity|Wind|Onshore (GW)";1;
"Emi|BC (Mt BC/yr)";"Emissions|BC (Mt BC/yr)";1;
"Emi|CH4 (Mt CH4/yr)";"Emissions|CH4 (Mt CH4/yr)";1;
"Emi|CO (Mt CO/yr)";"Emissions|CO (Mt CO/yr)";1;
"Emi|CO2 (Mt CO2/yr)";"Emissions|CO2 (Mt CO2/yr)";1;
"Emi|CO2|Energy|Demand|Buildings (Mt CO2/yr)";"Emissions|CO2|Energy|Demand|Residential and Commercial (Mt CO2/yr)";1;
"Emissions|CO2|Energy|Negative (Mt CO2/yr)";"Emissions|CO2|Energy|Negative (Mt CO2/yr)";1;
"Emissions|CO2|DACCS sequestered (Mt CO2/yr)";"Emissions|CO2|DACCS sequestered (Mt CO2/yr)";1;
"Emissions|CO2|Other (Mt CO2/yr)";"Emissions|CO2|Other (Mt CO2/yr)";1;
"Emi|CO2|Energy (Mt CO2/yr)";"Emissions|CO2|Energy (Mt CO2/yr)";1;
"Emi|CO2|Energy|Demand|Industry (Mt CO2/yr)";"Emissions|CO2|Energy|Demand|Industry (Mt CO2/yr)";1;
"Emissions|CO2|Energy|Supply|Gross|Electricity (Mt CO2/yr)";"Emissions|CO2|Energy|Supply (Gross)|Electricity (Mt CO2/yr)";1;
"Emissions|CO2|Energy|Supply|Gross|Gases (Mt CO2/yr)";"Emissions|CO2|Energy|Supply (Gross)|Gases (Mt CO2/yr)";1;
"Emissions|CO2|Energy|Supply|Gross (Mt CO2/yr)";"Emissions|CO2|Energy|Supply (Gross) (Mt CO2/yr)";1;
"Emissions|CO2|Energy|Supply|Gross|Heat (Mt CO2/yr)";"Emissions|CO2|Energy|Supply (Gross)|Heat (Mt CO2/yr)";1;
"Emissions|CO2|Energy|Supply|Gross|Hydrogen (Mt CO2/yr)";"Emissions|CO2|Energy|Supply (Gross)|Hydrogen (Mt CO2/yr)";1;
"Emissions|CO2|Energy|Supply|Gross|Liquids (Mt CO2/yr)";"Emissions|CO2|Energy|Supply (Gross)|Liquids (Mt CO2/yr)";1;
"Emissions|CO2|Energy|Supply|Gross|Solids (Mt CO2/yr)";"Emissions|CO2|Energy|Supply (Gross)|Solids (Mt CO2/yr)";1;
"Emi|CO2|ES (Mt CO2/yr)";"Emissions|CO2|ESD (Mt CO2/yr)";1;
"Emi|CO2|ETS (Mt CO2/yr)";"Emissions|CO2|ETS (Mt CO2/yr)";1;
"Emi|CO2|Industrial Processes (Mt CO2/yr)";"Emissions|CO2|Industrial Processes (Mt CO2/yr)";1;
"Emi|CO2|Energy|Demand (Mt CO2/yr)";"Emissions|CO2|Energy|Demand (Mt CO2/yr)";1;
"Emissions|CO2|AFOLU (Mt CO2/yr)";"Emissions|CO2|AFOLU (Mt CO2/yr)";1;
"Emi|CO2|other - Non ETS and ES (Mt CO2/yr)";"Emissions|CO2|Other regulation (Mt CO2/yr)";1;
"Emi|CO2|Energy|Demand|Transport (Mt CO2/yr)";"Emissions|CO2|Energy|Demand|Transportation (Mt CO2/yr)";1;
"Emi|F-Gases (Mt CO2-equiv/yr)";"Emissions|F-Gases (Mt CO2eq/yr)";1;
"Emi|HFC (kt HFC134a-equiv/yr)";"Emissions|HFC (kt HFC134a-equiv/yr)";1;
"Emi|GHG (Mt CO2eq/yr)";"Emissions|Kyoto Gases (Mt CO2eq/yr)";1;
"Emi|N2O (kt N2O/yr)";"Emissions|N2O (kt N2O/yr)";1;
"Emi|NH3 (Mt NH3/yr)";"Emissions|NH3 (Mt NH3/yr)";1;
"Emi|OC (Mt OC/yr)";"Emissions|OC (Mt OC/yr)";1;
"Emi|PFC (kt CF4-equiv/yr)";"Emissions|PFC (kt CF4-equiv/yr)";1;
"Emi|SF6 (kt SF6/yr)";"Emissions|SF6 (kt SF6/yr)";1;
"Emi|SO2 (Mt SO2/yr)";"Emissions|Sulfur (Mt SO2/yr)";1;
"Emi|VOC (Mt VOC/yr)";"Emissions|VOC (Mt VOC/yr)";1;
"NA";"Emissions|CO2|Energy|Supply (Gross)|Other (Mt CO2/yr)";"NA";
"ES|Transport|Freight (bn tkm/yr)";"Services and Products|Transportation|Freight (Gtkm/yr)";1;
"ES|Transport|Pass (bn pkm/yr)";"Services and Products|Transportation|Passenger (Gpkm/yr)";1;
"ES|Transport|Pass|LDV (bn pkm/yr)";"Services and Products|Transportation|Passenger|LDV (Gpkm/yr)";1;
"ES|Transport|Pass|non-LDV (bn pkm/yr)";"Services and Products|Transportation|Passenger|HDV (Gpkm/yr)";1;
"FE (EJ/yr)";"Final Energy (PJ/yr)";0.001;
"FE|Buildings (EJ/yr)";"Final Energy|Residential and Commercial (PJ/yr)";0.001;
"FE|Buildings|Appliances and Light (EJ/yr)";"Final Energy|Residential and Commercial|Appliances and Lighting (PJ/yr)";0.001;
"FE|Buildings|Appliances and Light|Electricity (EJ/yr)";"Final Energy|Residential and Commercial|Appliances and Lighting|Electricity (PJ/yr)";0.001;
"FE|Buildings|Cooking and Water (EJ/yr)";"Final Energy|Residential and Commercial|Water Heating and Cooking (PJ/yr)";0.001;
"FE|Buildings|Cooking and Water|Electricity (EJ/yr)";"Final Energy|Residential and Commercial|Water Heating and Cooking|Electricity (PJ/yr)";0.001;
"FE|Buildings|Cooking and Water|Electricity|Heat pumps (EJ/yr)";"Final Energy|Residential and Commercial|Water Heating and Cooking|Electricity|Heat Pumps (PJ/yr)";0.001;
"FE|Buildings|Cooking and Water|Electricity|Resistance (EJ/yr)";"Final Energy|Residential and Commercial|Water Heating and Cooking|Electricity|Resistive (PJ/yr)";0.001;
"FE|Buildings|Cooking and Water|Gases (EJ/yr)";"Final Energy|Residential and Commercial|Water Heating and Cooking|Gases (PJ/yr)";0.001;
"FE|Buildings|Cooking and Water|Heat (EJ/yr)";"Final Energy|Residential and Commercial|Water Heating and Cooking|Heat (PJ/yr)";0.001;
"FE|Buildings|Cooking and Water|Hydrogen (EJ/yr)";"Final Energy|Residential and Commercial|Water Heating and Cooking|Hydrogen (PJ/yr)";0.001;
"FE|Buildings|Cooking and Water|Liquids (EJ/yr)";"Final Energy|Residential and Commercial|Water Heating and Cooking|Liquids (PJ/yr)";0.001;
"FE|Buildings|Cooking and Water|Solids (EJ/yr)";"Final Energy|Residential and Commercial|Water Heating and Cooking|Solids (PJ/yr)";0.001;
"FE|Buildings|Electricity (EJ/yr)";"Final Energy|Residential and Commercial|Electricity (PJ/yr)";0.001;
"FE|Buildings|Gases (EJ/yr)";"Final Energy|Residential and Commercial|Gases (PJ/yr)";0.001;
"FE|Buildings|Heat (EJ/yr)";"Final Energy|Residential and Commercial|Heat (PJ/yr)";0.001;
"FE|Buildings|Hydrogen (EJ/yr)";"Final Energy|Residential and Commercial|Hydrogen (PJ/yr)";0.001;
"FE|Buildings|Liquids (EJ/yr)";"Final Energy|Residential and Commercial|Liquids (PJ/yr)";0.001;
"FE|Buildings|Solids (EJ/yr)";"Final Energy|Residential and Commercial|Solids (PJ/yr)";0.001;
"FE|Buildings|Space Cooling (EJ/yr)";"Final Energy|Residential and Commercial|Space Cooling (PJ/yr)";0.001;
"FE|Buildings|Space Cooling|Electricity (EJ/yr)";"Final Energy|Residential and Commercial|Space Cooling|Electricity (PJ/yr)";0.001;
"FE|Buildings|Space Heating (EJ/yr)";"Final Energy|Residential and Commercial|Space Heating (PJ/yr)";0.001;
"FE|Buildings|Space Heating|Electricity (EJ/yr)";"Final Energy|Residential and Commercial|Space Heating|Electricity (PJ/yr)";0.001;
"FE|Buildings|Space Heating|Electricity|Heat pumps (EJ/yr)";"Final Energy|Residential and Commercial|Space Heating|Electricity|Heat Pumps (PJ/yr)";0.001;
"FE|Buildings|Space Heating|Electricity|Resistance (EJ/yr)";"Final Energy|Residential and Commercial|Space Heating|Electricity|Resistive (PJ/yr)";0.001;
"FE|Buildings|Space Heating|Gases (EJ/yr)";"Final Energy|Residential and Commercial|Space Heating|Gases (PJ/yr)";0.001;
"FE|Buildings|Space Heating|Heat (EJ/yr)";"Final Energy|Residential and Commercial|Space Heating|Heat (PJ/yr)";0.001;
"FE|Buildings|Space Heating|Hydrogen (EJ/yr)";"Final Energy|Residential and Commercial|Space Heating|Hydrogen (PJ/yr)";0.001;
"FE|Buildings|Space Heating|Liquids (EJ/yr)";"Final Energy|Residential and Commercial|Space Heating|Liquids (PJ/yr)";0.001;
"FE|Buildings|Space Heating|Solids (EJ/yr)";"Final Energy|Residential and Commercial|Space Heating|Solids (PJ/yr)";0.001;
"FE|CDR (EJ/yr)";"Final Energy|Carbon Dioxide Removal (PJ/yr)";0.001;
"FE|CDR|Electricity (EJ/yr)";"Final Energy|Carbon Dioxide Removal|Electricity (PJ/yr)";0.001;
"FE|CDR|Gases (EJ/yr)";"Final Energy|Carbon Dioxide Removal|Gases (PJ/yr)";0.001;
"FE|CDR|Hydrogen (EJ/yr)";"Final Energy|Carbon Dioxide Removal|Hydrogen (PJ/yr)";0.001;
"FE|CDR|Liquids (EJ/yr)";"Final Energy|Carbon Dioxide Removal|Liquids (PJ/yr)";0.001;
"FE|Electricity (EJ/yr)";"Final Energy|Electricity (PJ/yr)";0.001;
"FE|Gases (EJ/yr)";"Final Energy|Gases (PJ/yr)";0.001;
"FE|Heat (EJ/yr)";"Final Energy|Heat (PJ/yr)";0.001;
"FE|Hydrogen (EJ/yr)";"Final Energy|Hydrogen (PJ/yr)";0.001;
"FE|Industry (EJ/yr)";"Final Energy|Industry (PJ/yr)";0.001;
"FE|Industry|Electricity (EJ/yr)";"Final Energy|Industry|Electricity (PJ/yr)";0.001;
"FE|Industry|Gases (EJ/yr)";"Final Energy|Industry|Gases (PJ/yr)";0.001;
"FE|Industry|Heat (EJ/yr)";"Final Energy|Industry|Heat (PJ/yr)";0.001;
"FE|Industry|Hydrogen (EJ/yr)";"Final Energy|Industry|Hydrogen (PJ/yr)";0.001;
"FE|Industry|Liquids (EJ/yr)";"Final Energy|Industry|Liquids (PJ/yr)";0.001;
"FE|Industry|Solids (EJ/yr)";"Final Energy|Industry|Solids (PJ/yr)";0.001;
"FE|Liquids (EJ/yr)";"Final Energy|Liquids (PJ/yr)";0.001;
"FE|Solids (EJ/yr)";"Final Energy|Solids (PJ/yr)";0.001;
"FE|Transport (EJ/yr)";"Final Energy|Transportation (PJ/yr)";0.001;
"FE|Transport|Electricity (EJ/yr)";"Final Energy|Transportation|Electricity (PJ/yr)";0.001;
"FE|Transport|Freight (EJ/yr)";"Final Energy|Transportation|Freight (PJ/yr)";0.001;
"FE|Transport|Hydrogen (EJ/yr)";"Final Energy|Transportation|Hydrogen (PJ/yr)";0.001;
"FE|Transport|Liquids (EJ/yr)";"Final Energy|Transportation|Liquids (PJ/yr)";0.001;
"FE|Transport|Pass (EJ/yr)";"Final Energy|Transportation|Passenger (PJ/yr)";0.001;
"FE|Transport|Pass|Electricity (EJ/yr)";"Final Energy|Transportation|Passenger|Electricity (PJ/yr)";0.001;
"FE|Transport|Pass|Hydrogen (EJ/yr)";"Final Energy|Transportation|Passenger|Hydrogen (PJ/yr)";0.001;
"NA";"Final Energy|Transportation|Passenger|HDV (PJ/yr)";"NA";
"NA";"Final Energy|Transportation|Passenger|LDV (PJ/yr)";"NA";
"NA";"Final Energy|Transportation|Passenger|LDV|Electricity (PJ/yr)";"NA";
"NA";"Final Energy|Transportation|Passenger|LDV|Hydrogen (PJ/yr)";"NA";
"NA";"Final Energy|Transportation|Passenger|LDV|Liquids (PJ/yr)";"NA";
"FE|Transport|Pass|Train|Electricity (EJ/yr)";"Final Energy|Transportation|Passenger|Train|Electricity (PJ/yr)";0.001;
"Floorspace demand (million m2)";"Services and Products|Residential and Commercial|Floorspace demand (million m2)";1;
"GDP|MER (billion US$2005/yr)";"Economy|GDP|MER (billion EUR2015/yr)";0.9259259;
"GDP|PPP (billion US$2005/yr)";"Economy|GDP|PPP (billion EUR2015/yr)";0.9259259;
"NA";"Capacity Additions|Electricity|Gas|CC (GW/yr)";"NA";
"NA";"Capacity Additions|Electricity|Gas|OC (GW/yr)";"NA";
"NA";"Capacity Additions|Electricity|Geothermal (GW/yr)";"NA";
"NA";"Capacity Additions|Electricity|Hydrogen|CC (GW/yr)";"NA";
"NA";"Capacity Additions|Electricity|Hydrogen|FC (GW/yr)";"NA";
"NA";"Capacity Additions|Electricity|Hydrogen|OC (GW/yr)";"NA";
"NA";"Capacity Additions|Electricity|Ocean (GW/yr)";"NA";
"NA";"Capacity Additions|Electricity|Oil (GW/yr)";"NA";
"NA";"Capacity Additions|Electricity|Other (GW/yr)";"NA";
"NA";"Capacity Additions|Electricity|Storage (GW/yr)";"NA";
"NA";"Capacity Additions|Electricity|Storage|CAES (GW/yr)";"NA";
"NA";"Capacity Additions|Electricity|Storage|Hydro Dam Reservoir (GW/yr)";"NA";
"NA";"Capacity Additions|Electricity|Storage|Pump Hydro (GW/yr)";"NA";
"NA";"Capacity Additions|Electricity|Storage|Stationary Batteries (GW/yr)";"NA";
"NA";"Capacity Additions|Electricity|Storage|Vehicles (GW/yr)";"NA";
"NA";"Capacity Additions|Electricity|Transmission Grid (GWkm/yr)";"NA";
"NA";"Capacity Additions|Electricity|Wind|Offshore (GW/yr)";"NA";
"NA";"Capacity|Electricity|Coal|Hard Coal (GW)";"NA";
"NA";"Capacity|Electricity|Coal|Lignite (GW)";"NA";
"NA";"Capacity|Electricity|Gas|CC (GW)";"NA";
"NA";"Capacity|Electricity|Gas|OC (GW)";"NA";
"NA";"Capacity|Electricity|Hydrogen|CC (GW)";"NA";
"NA";"Capacity|Electricity|Hydrogen|FC (GW)";"NA";
"NA";"Capacity|Electricity|Hydrogen|OC (GW)";"NA";
"NA";"Capacity|Electricity|Ocean (GW)";"NA";
"NA";"Capacity|Electricity|Other (GW)";"NA";
"NA";"Capacity|Electricity|Storage (GW)";"NA";
"NA";"Capacity|Electricity|Storage|CAES (GW)";"NA";
"NA";"Capacity|Electricity|Storage|Hydro Dam Reservoir (GW)";"NA";
"NA";"Capacity|Electricity|Storage|Pump Hydro (GW)";"NA";
"NA";"Capacity|Electricity|Storage|Stationary Batteries (GW)";"NA";
"NA";"Capacity|Electricity|Storage|Vehicles (GW)";"NA";
"NA";"Capacity|Electricity|Transmission Grid (GWkm)";"NA";
"NA";"Capacity|Electricity|Wind|Offshore (GW)";"NA";
"Carbon Management|Carbon Sinks|Storage (Mt CO2/yr)";"Carbon Management|Carbon Capture (Mt CO2/yr)";1;
"Emi|CO2|Carbon Capture and Storage|Biomass (Mt CO2/yr)";"Carbon Management|Carbon Capture|Primary Energy|Biomass (Mt CO2/yr)";1;
"Emi|CO2|Carbon Capture and Storage|Fossil|Pe2Se (Mt CO2/yr)";"Carbon Management|Carbon Capture|Primary Energy|Fossil (Mt CO2/yr)";1;
"Carbon Sequestration|Direct Air Capture (Mt CO2/yr)";"Carbon Management|Carbon Capture|Process|Direct Air Capture (Mt CO2/yr)";1;
"Carbon Management|Carbon Sinks|Storage|Biomass|Pe2Se (Mt CO2/yr)";"Carbon Management|Carbon Capture|Process|Energy (Mt CO2/yr)";1;
"NA";"Carbon Management|Carbon Capture|Process|Energy|Electricity (Mt CO2/yr)";"NA";
"Carbon Management|Carbon Capture|Process|Energy|Other (Mt CO2/yr)";"Carbon Management|Carbon Capture|Process|Energy|Other (Mt CO2/yr)";1;
"NA";"Carbon Management|Carbon Capture|Process|Industrial Processes (Mt CO2/yr)";"NA";"Carbon Management|Carbon Sinks|Storage|+|Industry Energy (Mt CO2/yr) + Carbon Management|Carbon Sources|+|Industry Process (Mt CO2/yr)"
"Carbon Sequestration|CCU (Mt CO2/yr)";"Carbon Management|CCU (Mt CO2/yr)";1;
"Emissions|CO2|AFOLU (Mt CO2/yr)";"Carbon Management|Land Use (Mt CO2/yr)";-1;
"Carbon Sequestration|CCS (Mt CO2/yr)";"Carbon Management|Underground Storage (Mt CO2/yr)";1;
"NA";"Economy|Capital Stock|Residential and Commercial (billion EUR2015/yr)";"NA";
"NA";"Economy|Capital Stock|Residential and Commercial|Appliances and Lighting (billion EUR2015/yr)";"NA";
"NA";"Economy|Capital Stock|Residential and Commercial|Insulation (billion EUR2015/yr)";"NA";
"NA";"Economy|Capital Stock|Residential and Commercial|Space Cooling (billion EUR2015/yr)";"NA";
"NA";"Economy|Capital Stock|Residential and Commercial|Space Heating (billion EUR2015/yr)";"NA";
"NA";"Economy|Capital Stock|Residential and Commercial|Water Heating and Cooking (billion EUR2015/yr)";"NA";
"NA";"Economy|Capital Stock|Residential and Commercial|Water Heating and Cooking|Cooking (billion EUR2015/yr)";"NA";
"NA";"Economy|Capital Stock|Residential and Commercial|Water Heating and Cooking|Water Heating (billion EUR2015/yr)";"NA";
"NA";"Emissions|CO2|Energy|Demand|AFOFI (Mt CO2/yr)";"NA";
"NA";"Emissions|CO2|Energy|Demand|Commercial (Mt CO2/yr)";"NA";
"NA";"Emissions|CO2|Energy|Demand|Other Sector (Mt CO2/yr)";"NA";
"NA";"Emissions|CO2|Energy|Demand|Residential (Mt CO2/yr)";"NA";
"NA";"Emissions|CO2|Energy|Demand|Transportation|Freight (Mt CO2/yr)";"NA";
"NA";"Emissions|CO2|Energy|Demand|Transportation|Passenger (Mt CO2/yr)";"NA";
"NA";"Emissions|CO2|Energy|Supply (Gross)|Industry (Mt CO2/yr)";"NA";
"NA";"Emissions|CO2|Energy|Supply (Gross)|Residential and Commercial (Mt CO2/yr)";"NA";
"NA";"Emissions|CO2|Energy|Supply (Gross)|Transportation (Mt CO2/yr)";"NA";
"NA";"Emissions|Kyoto Gases|AFOLU (Mt CO2eq/yr)";"NA";
"NA";"Emissions|Kyoto Gases|Energy (Mt CO2eq/yr)";"NA";
"NA";"Emissions|Kyoto Gases|Industrial Processes (Mt CO2eq/yr)";"NA";
"NA";"Emissions|Kyoto Gases|Other (Mt CO2eq/yr)";"NA";
"NA";"Emissions|NOx (Mt NOx/yr)";"NA";
"NA";"Final Energy|Carbon Dioxide Removal|Heat (PJ/yr)";"NA";
"NA";"Final Energy|Carbon Dioxide Removal|Other (PJ/yr)";"NA";
"NA";"Final Energy|Industry|Cement (PJ/yr)";"NA";
"NA";"Final Energy|Industry|Cement|Electricity (PJ/yr)";"NA";
"NA";"Final Energy|Industry|Cement|Gases (PJ/yr)";"NA";
"NA";"Final Energy|Industry|Cement|Heat (PJ/yr)";"NA";
"NA";"Final Energy|Industry|Cement|Hydrogen (PJ/yr)";"NA";
"NA";"Final Energy|Industry|Cement|Liquids (PJ/yr)";"NA";
"NA";"Final Energy|Industry|Cement|Solids (PJ/yr)";"NA";
"NA";"Final Energy|Industry|Chemicals (PJ/yr)";"NA";
"NA";"Final Energy|Industry|Chemicals|Electricity (PJ/yr)";"NA";
"NA";"Final Energy|Industry|Chemicals|Gases (PJ/yr)";"NA";
"NA";"Final Energy|Industry|Chemicals|Heat (PJ/yr)";"NA";
"NA";"Final Energy|Industry|Chemicals|Hydrogen (PJ/yr)";"NA";
"NA";"Final Energy|Industry|Chemicals|Liquids (PJ/yr)";"NA";
"NA";"Final Energy|Industry|Chemicals|Solids (PJ/yr)";"NA";
"NA";"Final Energy|Industry|Other (PJ/yr)";"NA";
"NA";"Final Energy|Industry|other Industries (PJ/yr)";"NA";
"NA";"Final Energy|Industry|other Industries|Electricity (PJ/yr)";"NA";
"NA";"Final Energy|Industry|other Industries|Gases (PJ/yr)";"NA";
"NA";"Final Energy|Industry|other Industries|Heat (PJ/yr)";"NA";
"NA";"Final Energy|Industry|other Industries|Hydrogen (PJ/yr)";"NA";
"NA";"Final Energy|Industry|other Industries|Liquids (PJ/yr)";"NA";
"NA";"Final Energy|Industry|other Industries|Solids (PJ/yr)";"NA";
"NA";"Final Energy|Industry|Steel (PJ/yr)";"NA";
"NA";"Final Energy|Industry|Steel|Electricity (PJ/yr)";"NA";
"NA";"Final Energy|Industry|Steel|Gases (PJ/yr)";"NA";
"NA";"Final Energy|Industry|Steel|Heat (PJ/yr)";"NA";
"NA";"Final Energy|Industry|Steel|Hydrogen (PJ/yr)";"NA";
"NA";"Final Energy|Industry|Steel|Liquids (PJ/yr)";"NA";
"NA";"Final Energy|Industry|Steel|Solids (PJ/yr)";"NA";
"NA";"Final Energy|Non-Energy Use (PJ/yr)";"NA";
"NA";"Final Energy|Non-Energy Use|Gases (PJ/yr)";"NA";
"NA";"Final Energy|Non-Energy Use|Liquids (PJ/yr)";"NA";
"NA";"Final Energy|Non-Energy Use|Solids (PJ/yr)";"NA";
"NA";"Final Energy|Other (PJ/yr)";"NA";
"NA";"Final Energy|Other Sector (PJ/yr)";"NA";
"NA";"Final Energy|Other Sector|Electricity (PJ/yr)";"NA";
"NA";"Final Energy|Other Sector|Gases (PJ/yr)";"NA";
"NA";"Final Energy|Other Sector|Heat (PJ/yr)";"NA";
"NA";"Final Energy|Other Sector|Hydrogen (PJ/yr)";"NA";
"NA";"Final Energy|Other Sector|Liquids (PJ/yr)";"NA";
"NA";"Final Energy|Other Sector|Other (PJ/yr)";"NA";
"NA";"Final Energy|Other Sector|Solids (PJ/yr)";"NA";
"NA";"Final Energy|Residential and Commercial|Appliances and Lighting|Gases (PJ/yr)";"NA";
"NA";"Final Energy|Residential and Commercial|Appliances and Lighting|Heat (PJ/yr)";"NA";
"NA";"Final Energy|Residential and Commercial|Appliances and Lighting|Hydrogen (PJ/yr)";"NA";
"NA";"Final Energy|Residential and Commercial|Appliances and Lighting|Liquids (PJ/yr)";"NA";
"NA";"Final Energy|Residential and Commercial|Appliances and Lighting|Other (PJ/yr)";"NA";
"NA";"Final Energy|Residential and Commercial|Appliances and Lighting|Solids (PJ/yr)";"NA";
"NA";"Final Energy|Residential and Commercial|Cooking (PJ/yr)";"NA";
"NA";"Final Energy|Residential and Commercial|Cooking|Electricity (PJ/yr)";"NA";
"NA";"Final Energy|Residential and Commercial|Cooking|Electricity|Heat Pumps (PJ/yr)";"NA";
"NA";"Final Energy|Residential and Commercial|Cooking|Electricity|Resistive (PJ/yr)";"NA";
"NA";"Final Energy|Residential and Commercial|Cooking|Gases (PJ/yr)";"NA";
"NA";"Final Energy|Residential and Commercial|Cooking|Heat (PJ/yr)";"NA";
"NA";"Final Energy|Residential and Commercial|Cooking|Hydrogen (PJ/yr)";"NA";
"NA";"Final Energy|Residential and Commercial|Cooking|Liquids (PJ/yr)";"NA";
"NA";"Final Energy|Residential and Commercial|Cooking|Other (PJ/yr)";"NA";
"NA";"Final Energy|Residential and Commercial|Cooking|Solids (PJ/yr)";"NA";
"NA";"Final Energy|Residential and Commercial|Other (PJ/yr)";"NA";
"NA";"Final Energy|Residential and Commercial|Space Cooling|Electricity|Heat Pumps (PJ/yr)";"NA";
"NA";"Final Energy|Residential and Commercial|Space Cooling|Electricity|Resistive (PJ/yr)";"NA";
"NA";"Final Energy|Residential and Commercial|Space Cooling|Gases (PJ/yr)";"NA";
"NA";"Final Energy|Residential and Commercial|Space Cooling|Heat (PJ/yr)";"NA";
"NA";"Final Energy|Residential and Commercial|Space Cooling|Hydrogen (PJ/yr)";"NA";
"NA";"Final Energy|Residential and Commercial|Space Cooling|Liquids (PJ/yr)";"NA";
"NA";"Final Energy|Residential and Commercial|Space Cooling|Other (PJ/yr)";"NA";
"NA";"Final Energy|Residential and Commercial|Space Cooling|Solids (PJ/yr)";"NA";
"NA";"Final Energy|Residential and Commercial|Space Heating|Other (PJ/yr)";"NA";
"NA";"Final Energy|Residential and Commercial|Water Heating (PJ/yr)";"NA";
"NA";"Final Energy|Residential and Commercial|Water Heating and Cooking|Other (PJ/yr)";"NA";
"NA";"Final Energy|Residential and Commercial|Water Heating|Electricity (PJ/yr)";"NA";
"NA";"Final Energy|Residential and Commercial|Water Heating|Electricity|Heat Pumps (PJ/yr)";"NA";
"NA";"Final Energy|Residential and Commercial|Water Heating|Electricity|Resistive (PJ/yr)";"NA";
"NA";"Final Energy|Residential and Commercial|Water Heating|Gases (PJ/yr)";"NA";
"NA";"Final Energy|Residential and Commercial|Water Heating|Heat (PJ/yr)";"NA";
"NA";"Final Energy|Residential and Commercial|Water Heating|Hydrogen (PJ/yr)";"NA";
"NA";"Final Energy|Residential and Commercial|Water Heating|Liquids (PJ/yr)";"NA";
"NA";"Final Energy|Residential and Commercial|Water Heating|Other (PJ/yr)";"NA";
"NA";"Final Energy|Residential and Commercial|Water Heating|Solids (PJ/yr)";"NA";
"NA";"Final Energy|Transportation|Freight|Domestic Airplane (PJ/yr)";"NA";
"NA";"Final Energy|Transportation|Freight|Domestic Airplane|Electricity (PJ/yr)";"NA";
"NA";"Final Energy|Transportation|Freight|Domestic Airplane|Hydrogen (PJ/yr)";"NA";
"NA";"Final Energy|Transportation|Freight|Domestic Airplane|Liquids (PJ/yr)";"NA";
"FE|Transport|Freight|Electricity (EJ/yr)";"Final Energy|Transportation|Freight|Electricity (PJ/yr)";0.001;
"FE|Transport|Freight|Gases (EJ/yr)";"Final Energy|Transportation|Freight|Gases (PJ/yr)";0.001;
"FE|Transport|Freight|Hydrogen (EJ/yr)";"Final Energy|Transportation|Freight|Hydrogen (PJ/yr)";0.001;
"NA";"Final Energy|Transportation|Freight|International (PJ/yr)";"NA";
"NA";"Final Energy|Transportation|Freight|International|Electricty (PJ/yr)";"NA";
"NA";"Final Energy|Transportation|Freight|International|Gases (PJ/yr)";"NA";
"NA";"Final Energy|Transportation|Freight|International|Hydrogen (PJ/yr)";"NA";
"NA";"Final Energy|Transportation|Freight|International|Liquids (PJ/yr)";"NA";
"NA";"Final Energy|Transportation|Freight|International|Solids (PJ/yr)";"NA";
"FE|Transport|Freight|Liquids (EJ/yr)";"Final Energy|Transportation|Freight|Liquids (PJ/yr)";0.001;
"NA";"Final Energy|Transportation|Freight|Other (PJ/yr)";"NA";
"FE|Transport|Freight|Shipping (EJ/yr)";"Final Energy|Transportation|Freight|Ship (PJ/yr)";0.001;
"NA";"Final Energy|Transportation|Freight|Ship|Electricity (PJ/yr)";"NA";
"NA";"Final Energy|Transportation|Freight|Ship|Gases (PJ/yr)";"NA";
"NA";"Final Energy|Transportation|Freight|Ship|Hydrogen (PJ/yr)";"NA";
"NA";"Final Energy|Transportation|Freight|Ship|Liquids (PJ/yr)";"NA";
"NA";"Final Energy|Transportation|Freight|Ship|Solids (PJ/yr)";"NA";
"NA";"Final Energy|Transportation|Freight|Solids (PJ/yr)";"NA";
"FE|Transport|Freight|Rail (EJ/yr)";"Final Energy|Transportation|Freight|Train (PJ/yr)";0.001;
"NA";"Final Energy|Transportation|Freight|Train|Electricity (PJ/yr)";"NA";
"NA";"Final Energy|Transportation|Freight|Train|Gases (PJ/yr)";"NA";
"NA";"Final Energy|Transportation|Freight|Train|Hydrogen (PJ/yr)";"NA";
"NA";"Final Energy|Transportation|Freight|Train|Liquids (PJ/yr)";"NA";
"NA";"Final Energy|Transportation|Freight|Train|Solids (PJ/yr)";"NA";
"FE|Transport|Freight|Road (EJ/yr)";"Final Energy|Transportation|Freight|Trucks (PJ/yr)";0.001;
"FE|Transport|Freight|Road|Electricity (EJ/yr)";"Final Energy|Transportation|Freight|Trucks|Electricity (PJ/yr)";0.001;
"NA";"Final Energy|Transportation|Freight|Trucks|Gases (PJ/yr)";"NA";
"FE|Transport|Freight|Road|Hydrogen (EJ/yr)";"Final Energy|Transportation|Freight|Trucks|Hydrogen (PJ/yr)";0.001;
"FE|Transport|Freight|Road|Liquids (EJ/yr)";"Final Energy|Transportation|Freight|Trucks|Liquids (PJ/yr)";0.001;
"NA";"Final Energy|Transportation|Freight|within Europe (PJ/yr)";"NA";
"NA";"Final Energy|Transportation|Freight|within Europe|Electricty (PJ/yr)";"NA";
"NA";"Final Energy|Transportation|Freight|within Europe|Gases (PJ/yr)";"NA";
"NA";"Final Energy|Transportation|Freight|within Europe|Hydrogen (PJ/yr)";"NA";
"NA";"Final Energy|Transportation|Freight|within Europe|Liquids (PJ/yr)";"NA";
"NA";"Final Energy|Transportation|Freight|within Europe|Solids (PJ/yr)";"NA";
"FE|Transport|Gases (EJ/yr)";"Final Energy|Transportation|Gases (PJ/yr)";0.001;
"NA";"Final Energy|Transportation|Other (PJ/yr)";"NA";
"NA";"Final Energy|Transportation|Passenger|Domestic Airplane (PJ/yr)";"NA";
"NA";"Final Energy|Transportation|Passenger|Domestic Airplane|Electricity (PJ/yr)";"NA";
"NA";"Final Energy|Transportation|Passenger|Domestic Airplane|Hydrogen (PJ/yr)";"NA";
"NA";"Final Energy|Transportation|Passenger|Domestic Airplane|Liquids (PJ/yr)";"NA";
"FE|Transport|Pass|Gases (EJ/yr)";"Final Energy|Transportation|Passenger|Gases (PJ/yr)";0.001;
"NA";"Final Energy|Transportation|Passenger|HDV|Electricity (PJ/yr)";"NA";
"NA";"Final Energy|Transportation|Passenger|HDV|Gases (PJ/yr)";"NA";
"NA";"Final Energy|Transportation|Passenger|HDV|Hydrogen (PJ/yr)";"NA";
"NA";"Final Energy|Transportation|Passenger|HDV|Liquids (PJ/yr)";"NA";
"NA";"Final Energy|Transportation|Passenger|International (PJ/yr)";"NA";
"NA";"Final Energy|Transportation|Passenger|International|Electricty (PJ/yr)";"NA";
"NA";"Final Energy|Transportation|Passenger|International|Gases (PJ/yr)";"NA";
"NA";"Final Energy|Transportation|Passenger|International|Hydrogen (PJ/yr)";"NA";
"NA";"Final Energy|Transportation|Passenger|International|Liquids (PJ/yr)";"NA";
"NA";"Final Energy|Transportation|Passenger|International|Solids (PJ/yr)";"NA";
"NA";"Final Energy|Transportation|Passenger|LDV|Gases (PJ/yr)";"NA";
"FE|Transport|Pass|Liquids (EJ/yr)";"Final Energy|Transportation|Passenger|Liquids (PJ/yr)";0.001;
"NA";"Final Energy|Transportation|Passenger|Ship (PJ/yr)";"NA";
"NA";"Final Energy|Transportation|Passenger|Ship|Electricity (PJ/yr)";"NA";
"NA";"Final Energy|Transportation|Passenger|Ship|Gases (PJ/yr)";"NA";
"NA";"Final Energy|Transportation|Passenger|Ship|Hydrogen (PJ/yr)";"NA";
"NA";"Final Energy|Transportation|Passenger|Ship|Liquids (PJ/yr)";"NA";
"NA";"Final Energy|Transportation|Passenger|Ship|Solids (PJ/yr)";"NA";
"NA";"Final Energy|Transportation|Passenger|Solids (PJ/yr)";"NA";
"FE|Transport|Pass|Rail (EJ/yr)";"Final Energy|Transportation|Passenger|Train (PJ/yr)";0.001;
"NA";"Final Energy|Transportation|Passenger|Train|Gases (PJ/yr)";"NA";
"NA";"Final Energy|Transportation|Passenger|Train|Hydrogen (PJ/yr)";"NA";
"NA";"Final Energy|Transportation|Passenger|Train|Liquids (PJ/yr)";"NA";
"NA";"Final Energy|Transportation|Passenger|Train|Solids (PJ/yr)";"NA";
"NA";"Final Energy|Transportation|Passenger|within Europe (PJ/yr)";"NA";
"NA";"Final Energy|Transportation|Passenger|within Europe|Electricty (PJ/yr)";"NA";
"NA";"Final Energy|Transportation|Passenger|within Europe|Gases (PJ/yr)";"NA";
"NA";"Final Energy|Transportation|Passenger|within Europe|Hydrogen (PJ/yr)";"NA";
"NA";"Final Energy|Transportation|Passenger|within Europe|Liquids (PJ/yr)";"NA";
"NA";"Final Energy|Transportation|Passenger|within Europe|Solids (PJ/yr)";"NA";
"NA";"Price|Carbon|ETS (EUR2015/t CO2)";"NA";
"NA";"Price|Carbon|EU-wide Regulation Non-ETS (EUR2015/t CO2)";"NA";
"NA";"Price|Carbon|National Climate Target (EUR2015/t CO2)";"NA";
"NA";"Price|Carbon|National Climate Target Non-ETS (EUR2015/t CO2)";"NA";
"NA";"Price|Carbon|Net|Electricity (EUR2015/t CO2)";"NA";
"NA";"Price|Carbon|Net|Industry (EUR2015/t CO2)";"NA";
"NA";"Price|Carbon|Net|Residential and Commercial (EUR2015/t CO2)";"NA";
"NA";"Price|Final Energy|Transportation|Freight|Electricity (EUR2015/GJ)";"NA";
"NA";"Price|Final Energy|Transportation|Freight|Gases (EUR2015/GJ)";"NA";
"NA";"Price|Final Energy|Transportation|Freight|Hydrogen (EUR2015/GJ)";"NA";
"NA";"Price|Final Energy|Transportation|Freight|Liquids (EUR2015/GJ)";"NA";
"NA";"Price|Final Energy|Transportation|Freight|Solids (EUR2015/GJ)";"NA";
"NA";"Price|Final Energy|Transportation|Passenger|Electricity (EUR2015/GJ)";"NA";
"NA";"Price|Final Energy|Transportation|Passenger|Gases (EUR2015/GJ)";"NA";
"NA";"Price|Final Energy|Transportation|Passenger|Hydrogen (EUR2015/GJ)";"NA";
"NA";"Price|Final Energy|Transportation|Passenger|Liquids (EUR2015/GJ)";"NA";
"NA";"Price|Final Energy|Transportation|Passenger|Solids (EUR2015/GJ)";"NA";
"NA";"Primary Energy|Biomass|Gases|w/ CCS (PJ/yr)";"NA";
"NA";"Primary Energy|Biomass|Gases|w/o CCS (PJ/yr)";"NA";
"NA";"Primary Energy|Biomass|Other (PJ/yr)";"NA";
"NA";"Primary Energy|Coal|Other (PJ/yr)";"NA";
"NA";"Primary Energy|Gas|Other (PJ/yr)";"NA";
"NA";"Primary Energy|Ocean (PJ/yr)";"NA";
"NA";"Primary Energy|Oil|Electricity (PJ/yr)";"NA";
"NA";"Primary Energy|Oil|Heat (PJ/yr)";"NA";
"NA";"Primary Energy|Oil|Hydrogen (PJ/yr)";"NA";
"NA";"Primary Energy|Oil|Liquids (PJ/yr)";"NA";
"NA";"Primary Energy|Oil|Other (PJ/yr)";"NA";
"NA";"Primary Energy|Oil|w/ CCS (PJ/yr)";"NA";
"NA";"Primary Energy|Other (PJ/yr)";"NA";
"NA";"Secondary Energy|Electricity|Coal|Hard Coal (TWh/yr)";"NA";
"NA";"Secondary Energy|Electricity|Coal|Lignite (TWh/yr)";"NA";
"NA";"Secondary Energy|Electricity|Curtailment (TWh/yr)";"NA";
"NA";"Secondary Energy|Electricity|Gas|CC (TWh/yr)";"NA";
"NA";"Secondary Energy|Electricity|Gas|CC|w/ CCS (TWh/yr)";"NA";
"NA";"Secondary Energy|Electricity|Gas|OC (TWh/yr)";"NA";
"NA";"Secondary Energy|Electricity|Hydrogen|CC (TWh/yr)";"NA";
"NA";"Secondary Energy|Electricity|Hydrogen|FC (TWh/yr)";"NA";
"NA";"Secondary Energy|Electricity|Hydrogen|OC (TWh/yr)";"NA";
"NA";"Secondary Energy|Electricity|Losses (TWh/yr)";"NA";
"NA";"Secondary Energy|Electricity|Net Imports (TWh/yr)";"NA";
"NA";"Secondary Energy|Electricity|Ocean (TWh/yr)";"NA";
"NA";"Secondary Energy|Electricity|Other (TWh/yr)";"NA";
"NA";"Secondary Energy|Electricity|Storage (TWh/yr)";"NA";
"NA";"Secondary Energy|Electricity|Storage Losses (TWh/yr)";"NA";
"NA";"Secondary Energy|Electricity|Transmission Losses (TWh/yr)";"NA";
"NA";"Secondary Energy|Electricity|Wind|Offshore (TWh/yr)";"NA";
"NA";"Secondary Energy|Electricity|Wind|Onshore (TWh/yr)";"NA";
"SE|Gases|Hydrogen (EJ/yr)";"Secondary Energy|Gases|Hydrogen (PJ/yr)";0.001;
"NA";"Secondary Energy|Gases|Other (PJ/yr)";"NA";
"NA";"Secondary Energy|Heat|Biomass|w/ CCS (PJ/yr)";"NA";
"NA";"Secondary Energy|Heat|Biomass|w/o CCS (PJ/yr)";"NA";
"NA";"Secondary Energy|Heat|Electricity|Heat Pumps (PJ/yr)";"NA";
"NA";"Secondary Energy|Heat|Electricity|Resistive (PJ/yr)";"NA";
"NA";"Secondary Energy|Heat|Nuclear (PJ/yr)";"NA";
"NA";"Secondary Energy|Heat|Oil (PJ/yr)";"NA";
"NA";"Secondary Energy|Heat|Other (PJ/yr)";"NA";
"NA";"Secondary Energy|Heat|Solar (PJ/yr)";"NA";
"NA";"Secondary Energy|Hydrogen|Nuclear (PJ/yr)";"NA";
"NA";"Secondary Energy|Hydrogen|Oil (PJ/yr)";"NA";
"NA";"Secondary Energy|Hydrogen|Other (PJ/yr)";"NA";
"NA";"Secondary Energy|Hydrogen|Solar (PJ/yr)";"NA";
"SE|Liquids|Hydrogen (EJ/yr)";"Secondary Energy|Liquids|Hydrogen (PJ/yr)";0.001;
"NA";"Secondary Energy|Liquids|Other (PJ/yr)";"NA";
"NA";"Secondary Energy|Other Carrier (PJ/yr)";"NA";
"NA";"Services and Products|Industry|Cement|Physical (Mt/yr)";"NA";
"NA";"Services and Products|Industry|Chemicals|Value Added (EUR2015/yr)";"NA";
"NA";"Services and Products|Industry|Other Industries|Value Added (EUR2015/yr)";"NA";
"NA";"Services and Products|Industry|Steel|Physical (Mt/yr)";"NA";
"NA";"Services and Products|Transportation|Freight|Domestic Airplane (Gtkm/yr)";"NA";
"NA";"Services and Products|Transportation|Freight|International (Gtkm/yr)";"NA";
"NA";"Services and Products|Transportation|Freight|Other (Gtkm/yr)";"NA";
"NA";"Services and Products|Transportation|Freight|Ship (Gtkm/yr)";"NA";
"NA";"Services and Products|Transportation|Freight|Train (Gtkm/yr)";"NA";
"NA";"Services and Products|Transportation|Freight|Trucks (Gtkm/yr)";"NA";
"NA";"Services and Products|Transportation|Freight|within Europe (Gtkm/yr)";"NA";
"NA";"Services and Products|Transportation|Passenger|Domestic Airplane (Gpkm/yr)";"NA";
"NA";"Services and Products|Transportation|Passenger|International (Gpkm/yr)";"NA";
"NA";"Services and Products|Transportation|Passenger|Other (Gpkm/yr)";"NA";
"NA";"Services and Products|Transportation|Passenger|Ship (Gpkm/yr)";"NA";
"NA";"Services and Products|Transportation|Passenger|Train (Gpkm/yr)";"NA";
"NA";"Services and Products|Transportation|Passenger|within Europe (Gpkm/yr)";"NA";
"NA";"Total Energy System Cost|CO2 Costs (billion EUR2015/yr)";"NA";
"NA";"Total Energy System Cost|Energy Supply (billion EUR2015/yr)";"NA";
"NA";"Total Energy System Cost|Energy Supply|CO2 Costs (billion EUR2015/yr)";"NA";
"NA";"Total Energy System Cost|Energy Supply|Fuel Costs (billion EUR2015/yr)";"NA";
"NA";"Total Energy System Cost|Energy Supply|Investments (billion EUR2015/yr)";"NA";
"NA";"Total Energy System Cost|Energy Supply|O&M Costs (billion EUR2015/yr)";"NA";
"NA";"Total Energy System Cost|Energy Supply|Trade Costs (billion EUR2015/yr)";"NA";
"NA";"Total Energy System Cost|Fuel Costs (billion EUR2015/yr)";"NA";
"NA";"Total Energy System Cost|Investments (billion EUR2015/yr)";"NA";
"NA";"Total Energy System Cost|Power Sector|CO2 Costs (billion EUR2015/yr)";"NA";
"NA";"Total Energy System Cost|Power Sector|Fuel Costs (billion EUR2015/yr)";"NA";
"NA";"Total Energy System Cost|Power Sector|Investments (billion EUR2015/yr)";"NA";
"NA";"Total Energy System Cost|Power Sector|O&M Costs (billion EUR2015/yr)";"NA";
"NA";"Total Energy System Cost|Power Sector|Trade Costs (billion EUR2015/yr)";"NA";
"NA";"Total Energy System Cost|Trade Costs (billion EUR2015/yr)";"NA";
"NA";"Trade|Secondary Energy|Electricity|Volume (PJ/yr)";"NA";
"NA";"Useful Energy|Residential and Commercial|Appliances and Lighting|Gases (PJ/yr)";"NA";
"NA";"Useful Energy|Residential and Commercial|Appliances and Lighting|Heat (PJ/yr)";"NA";
"NA";"Useful Energy|Residential and Commercial|Appliances and Lighting|Hydrogen (PJ/yr)";"NA";
"NA";"Useful Energy|Residential and Commercial|Appliances and Lighting|Liquids (PJ/yr)";"NA";
"NA";"Useful Energy|Residential and Commercial|Appliances and Lighting|Solids (PJ/yr)";"NA";
"NA";"Useful Energy|Residential and Commercial|Cooking (PJ/yr)";"NA";
"NA";"Useful Energy|Residential and Commercial|Cooking|Electricity (PJ/yr)";"NA";
"NA";"Useful Energy|Residential and Commercial|Cooking|Electricity|Heat Pumps (PJ/yr)";"NA";
"NA";"Useful Energy|Residential and Commercial|Cooking|Electricity|Resistive (PJ/yr)";"NA";
"NA";"Useful Energy|Residential and Commercial|Cooking|Gases (PJ/yr)";"NA";
"NA";"Useful Energy|Residential and Commercial|Cooking|Heat (PJ/yr)";"NA";
"NA";"Useful Energy|Residential and Commercial|Cooking|Hydrogen (PJ/yr)";"NA";
"NA";"Useful Energy|Residential and Commercial|Cooking|Liquids (PJ/yr)";"NA";
"NA";"Useful Energy|Residential and Commercial|Cooking|Solids (PJ/yr)";"NA";
"NA";"Useful Energy|Residential and Commercial|Space Cooling|Gases (PJ/yr)";"NA";
"NA";"Useful Energy|Residential and Commercial|Space Cooling|Heat (PJ/yr)";"NA";
"NA";"Useful Energy|Residential and Commercial|Space Cooling|Hydrogen (PJ/yr)";"NA";
"NA";"Useful Energy|Residential and Commercial|Space Cooling|Liquids (PJ/yr)";"NA";
"NA";"Useful Energy|Residential and Commercial|Space Cooling|Solids (PJ/yr)";"NA";
"NA";"Useful Energy|Residential and Commercial|Water Heating (PJ/yr)";"NA";
"NA";"Useful Energy|Residential and Commercial|Water Heating|Electricity (PJ/yr)";"NA";
"NA";"Useful Energy|Residential and Commercial|Water Heating|Electricity|Heat Pumps (PJ/yr)";"NA";
"NA";"Useful Energy|Residential and Commercial|Water Heating|Electricity|Resistive (PJ/yr)";"NA";
"NA";"Useful Energy|Residential and Commercial|Water Heating|Gases (PJ/yr)";"NA";
"NA";"Useful Energy|Residential and Commercial|Water Heating|Heat (PJ/yr)";"NA";
"NA";"Useful Energy|Residential and Commercial|Water Heating|Hydrogen (PJ/yr)";"NA";
"NA";"Useful Energy|Residential and Commercial|Water Heating|Liquids (PJ/yr)";"NA";
"NA";"Useful Energy|Residential and Commercial|Water Heating|Solids (PJ/yr)";"NA";
"NA";"Useful Energy|Transportation (PJ/yr)";"NA";
"NA";"Useful Energy|Transportation|Electricity (PJ/yr)";"NA";
"NA";"Useful Energy|Transportation|Freight (PJ/yr)";"NA";
"NA";"Useful Energy|Transportation|Freight|Domestic Airplane (PJ/yr)";"NA";
"NA";"Useful Energy|Transportation|Freight|Domestic Airplane|Electricity (PJ/yr)";"NA";
"NA";"Useful Energy|Transportation|Freight|Domestic Airplane|Hydrogen (PJ/yr)";"NA";
"NA";"Useful Energy|Transportation|Freight|Domestic Airplane|Liquids (PJ/yr)";"NA";
"NA";"Useful Energy|Transportation|Freight|Electricity (PJ/yr)";"NA";
"NA";"Useful Energy|Transportation|Freight|Gases (PJ/yr)";"NA";
"NA";"Useful Energy|Transportation|Freight|Hydrogen (PJ/yr)";"NA";
"NA";"Useful Energy|Transportation|Freight|International (PJ/yr)";"NA";
"NA";"Useful Energy|Transportation|Freight|International|Electricty (PJ/yr)";"NA";
"NA";"Useful Energy|Transportation|Freight|International|Gases (PJ/yr)";"NA";
"NA";"Useful Energy|Transportation|Freight|International|Hydrogen (PJ/yr)";"NA";
"NA";"Useful Energy|Transportation|Freight|International|Liquids (PJ/yr)";"NA";
"NA";"Useful Energy|Transportation|Freight|International|Solids (PJ/yr)";"NA";
"NA";"Useful Energy|Transportation|Freight|Liquids (PJ/yr)";"NA";
"NA";"Useful Energy|Transportation|Freight|Other (PJ/yr)";"NA";
"NA";"Useful Energy|Transportation|Freight|Ship (PJ/yr)";"NA";
"NA";"Useful Energy|Transportation|Freight|Ship|Electricity (PJ/yr)";"NA";
"NA";"Useful Energy|Transportation|Freight|Ship|Gases (PJ/yr)";"NA";
"NA";"Useful Energy|Transportation|Freight|Ship|Hydrogen (PJ/yr)";"NA";
"NA";"Useful Energy|Transportation|Freight|Ship|Liquids (PJ/yr)";"NA";
"NA";"Useful Energy|Transportation|Freight|Ship|Solids (PJ/yr)";"NA";
"NA";"Useful Energy|Transportation|Freight|Solids (PJ/yr)";"NA";
"NA";"Useful Energy|Transportation|Freight|Train (PJ/yr)";"NA";
"NA";"Useful Energy|Transportation|Freight|Train|Electricity (PJ/yr)";"NA";
"NA";"Useful Energy|Transportation|Freight|Train|Gases (PJ/yr)";"NA";
"NA";"Useful Energy|Transportation|Freight|Train|Hydrogen (PJ/yr)";"NA";
"NA";"Useful Energy|Transportation|Freight|Train|Liquids (PJ/yr)";"NA";
"NA";"Useful Energy|Transportation|Freight|Train|Solids (PJ/yr)";"NA";
"NA";"Useful Energy|Transportation|Freight|Trucks (PJ/yr)";"NA";
"NA";"Useful Energy|Transportation|Freight|Trucks|Electricity (PJ/yr)";"NA";
"NA";"Useful Energy|Transportation|Freight|Trucks|Gases (PJ/yr)";"NA";
"NA";"Useful Energy|Transportation|Freight|Trucks|Hydrogen (PJ/yr)";"NA";
"NA";"Useful Energy|Transportation|Freight|Trucks|Liquids (PJ/yr)";"NA";
"NA";"Useful Energy|Transportation|Freight|within Europe (PJ/yr)";"NA";
"NA";"Useful Energy|Transportation|Freight|within Europe|Electricty (PJ/yr)";"NA";
"NA";"Useful Energy|Transportation|Freight|within Europe|Gases (PJ/yr)";"NA";
"NA";"Useful Energy|Transportation|Freight|within Europe|Hydrogen (PJ/yr)";"NA";
"NA";"Useful Energy|Transportation|Freight|within Europe|Liquids (PJ/yr)";"NA";
"NA";"Useful Energy|Transportation|Freight|within Europe|Solids (PJ/yr)";"NA";
"NA";"Useful Energy|Transportation|Gases (PJ/yr)";"NA";
"NA";"Useful Energy|Transportation|Hydrogen (PJ/yr)";"NA";
"NA";"Useful Energy|Transportation|Liquids (PJ/yr)";"NA";
"NA";"Useful Energy|Transportation|Other (PJ/yr)";"NA";
"NA";"Useful Energy|Transportation|Passenger (PJ/yr)";"NA";
"NA";"Useful Energy|Transportation|Passenger|Domestic Airplane (PJ/yr)";"NA";
"NA";"Useful Energy|Transportation|Passenger|Domestic Airplane|Electricity (PJ/yr)";"NA";
"NA";"Useful Energy|Transportation|Passenger|Domestic Airplane|Hydrogen (PJ/yr)";"NA";
"NA";"Useful Energy|Transportation|Passenger|Domestic Airplane|Liquids (PJ/yr)";"NA";
"NA";"Useful Energy|Transportation|Passenger|Electricity (PJ/yr)";"NA";
"NA";"Useful Energy|Transportation|Passenger|Gases (PJ/yr)";"NA";
"NA";"Useful Energy|Transportation|Passenger|HDV (PJ/yr)";"NA";
"NA";"Useful Energy|Transportation|Passenger|HDV|Electricity (PJ/yr)";"NA";
"NA";"Useful Energy|Transportation|Passenger|HDV|Gases (PJ/yr)";"NA";
"NA";"Useful Energy|Transportation|Passenger|HDV|Hydrogen (PJ/yr)";"NA";
"NA";"Useful Energy|Transportation|Passenger|HDV|Liquids (PJ/yr)";"NA";
"NA";"Useful Energy|Transportation|Passenger|Hydrogen (PJ/yr)";"NA";
"NA";"Useful Energy|Transportation|Passenger|International (PJ/yr)";"NA";
"NA";"Useful Energy|Transportation|Passenger|International|Electricty (PJ/yr)";"NA";
"NA";"Useful Energy|Transportation|Passenger|International|Gases (PJ/yr)";"NA";
"NA";"Useful Energy|Transportation|Passenger|International|Hydrogen (PJ/yr)";"NA";
"NA";"Useful Energy|Transportation|Passenger|International|Liquids (PJ/yr)";"NA";
"NA";"Useful Energy|Transportation|Passenger|International|Solids (PJ/yr)";"NA";
"NA";"Useful Energy|Transportation|Passenger|LDV (PJ/yr)";"NA";
"NA";"Useful Energy|Transportation|Passenger|LDV|Electricity (PJ/yr)";"NA";
"NA";"Useful Energy|Transportation|Passenger|LDV|Gases (PJ/yr)";"NA";
"NA";"Useful Energy|Transportation|Passenger|LDV|Hydrogen (PJ/yr)";"NA";
"NA";"Useful Energy|Transportation|Passenger|LDV|Liquids (PJ/yr)";"NA";
"NA";"Useful Energy|Transportation|Passenger|Liquids (PJ/yr)";"NA";
"NA";"Useful Energy|Transportation|Passenger|Ship (PJ/yr)";"NA";
"NA";"Useful Energy|Transportation|Passenger|Ship|Electricity (PJ/yr)";"NA";
"NA";"Useful Energy|Transportation|Passenger|Ship|Gases (PJ/yr)";"NA";
"NA";"Useful Energy|Transportation|Passenger|Ship|Hydrogen (PJ/yr)";"NA";
"NA";"Useful Energy|Transportation|Passenger|Ship|Liquids (PJ/yr)";"NA";
"NA";"Useful Energy|Transportation|Passenger|Ship|Solids (PJ/yr)";"NA";
"NA";"Useful Energy|Transportation|Passenger|Solids (PJ/yr)";"NA";
"NA";"Useful Energy|Transportation|Passenger|Train (PJ/yr)";"NA";
"NA";"Useful Energy|Transportation|Passenger|Train|Electricity (PJ/yr)";"NA";
"NA";"Useful Energy|Transportation|Passenger|Train|Gases (PJ/yr)";"NA";
"NA";"Useful Energy|Transportation|Passenger|Train|Hydrogen (PJ/yr)";"NA";
"NA";"Useful Energy|Transportation|Passenger|Train|Liquids (PJ/yr)";"NA";
"NA";"Useful Energy|Transportation|Passenger|Train|Solids (PJ/yr)";"NA";
"NA";"Useful Energy|Transportation|Passenger|within Europe (PJ/yr)";"NA";
"NA";"Useful Energy|Transportation|Passenger|within Europe|Electricty (PJ/yr)";"NA";
"NA";"Useful Energy|Transportation|Passenger|within Europe|Gases (PJ/yr)";"NA";
"NA";"Useful Energy|Transportation|Passenger|within Europe|Hydrogen (PJ/yr)";"NA";
"NA";"Useful Energy|Transportation|Passenger|within Europe|Liquids (PJ/yr)";"NA";
"NA";"Useful Energy|Transportation|Passenger|within Europe|Solids (PJ/yr)";"NA";
"NA";"Capacity Additions|Electricity (GW/yr)";"NA";"zero values in source"
"NA";"Capacity Additions|Electricity|Biomass (GW/yr)";"NA";"zero values in source"
"NA";"Capacity Additions|Electricity|Biomass|w/ CCS (GW/yr)";"NA";"zero values in source"
"NA";"Capacity Additions|Electricity|Biomass|w/o CCS (GW/yr)";"NA";"zero values in source"
"NA";"Capacity Additions|Electricity|Coal (GW/yr)";"NA";"zero values in source"
"NA";"Capacity Additions|Electricity|Coal|w/ CCS (GW/yr)";"NA";"zero values in source"
"NA";"Capacity Additions|Electricity|Coal|w/o CCS (GW/yr)";"NA";"zero values in source"
"NA";"Capacity Additions|Electricity|Gas (GW/yr)";"NA";"zero values in source"
"NA";"Capacity Additions|Electricity|Gas|CC|w/ CCS (GW/yr)";"NA";"zero values in source"
"NA";"Capacity Additions|Electricity|Gas|CC|w/o CCS (GW/yr)";"NA";"zero values in source"
"NA";"Capacity Additions|Electricity|Gas|w/ CCS (GW/yr)";"NA";"zero values in source"
"NA";"Capacity Additions|Electricity|Gas|w/o CCS (GW/yr)";"NA";"zero values in source"
"NA";"Capacity Additions|Electricity|Hydro (GW/yr)";"NA";"zero values in source"
"NA";"Capacity Additions|Electricity|Hydrogen (GW/yr)";"NA";"zero values in source"
"NA";"Capacity Additions|Electricity|Nuclear (GW/yr)";"NA";"zero values in source"
"NA";"Capacity Additions|Electricity|Solar (GW/yr)";"NA";"zero values in source"
"NA";"Capacity Additions|Electricity|Solar|CSP (GW/yr)";"NA";"zero values in source"
"NA";"Capacity Additions|Electricity|Solar|PV (GW/yr)";"NA";"zero values in source"
"NA";"Capacity Additions|Electricity|Wind (GW/yr)";"NA";"zero values in source"
"NA";"Capacity Additions|Electricity|Wind|Onshore (GW/yr)";"NA";"zero values in source"
"OandM costs (billion US$2005/yr)";"Total Energy System Cost|O&M Costs (billion EUR2015/yr)";0.9259259;
"PE (EJ/yr)";"Primary Energy (PJ/yr)";0.001;
"PE|Biomass (EJ/yr)";"Primary Energy|Biomass (PJ/yr)";0.001;
"PE|Biomass|Electricity (EJ/yr)";"Primary Energy|Biomass|Electricity (PJ/yr)";0.001;
"PE|Biomass|Electricity|w/ CC (EJ/yr)";"Primary Energy|Biomass|Electricity|w/ CCS (PJ/yr)";0.001;
"PE|Biomass|Electricity|w/o CC (EJ/yr)";"Primary Energy|Biomass|Electricity|w/o CCS (PJ/yr)";0.001;
"PE|Biomass|Gases (EJ/yr)";"Primary Energy|Biomass|Gases (PJ/yr)";0.001;
"PE|Biomass|Heat (EJ/yr)";"Primary Energy|Biomass|Heat (PJ/yr)";0.001;
"PE|Biomass|Hydrogen (EJ/yr)";"Primary Energy|Biomass|Hydrogen (PJ/yr)";0.001;
"PE|Biomass|Hydrogen|w/ CC (EJ/yr)";"Primary Energy|Biomass|Hydrogen|w/ CCS (PJ/yr)";0.001;
"PE|Biomass|Hydrogen|w/o CC (EJ/yr)";"Primary Energy|Biomass|Hydrogen|w/o CCS (PJ/yr)";0.001;
"PE|Biomass|Liquids (EJ/yr)";"Primary Energy|Biomass|Liquids (PJ/yr)";0.001;
"PE|Biomass|Liquids|w/ CC (EJ/yr)";"Primary Energy|Biomass|Liquids|w/ CCS (PJ/yr)";0.001;
"PE|Biomass|Liquids|w/o CC (EJ/yr)";"Primary Energy|Biomass|Liquids|w/o CCS (PJ/yr)";0.001;
"PE|Biomass|Solids (EJ/yr)";"Primary Energy|Biomass|Solids (PJ/yr)";0.001;
"PE|Biomass|w/ CC (EJ/yr)";"Primary Energy|Biomass|w/ CCS (PJ/yr)";0.001;
"PE|Biomass|w/o CC (EJ/yr)";"Primary Energy|Biomass|w/o CCS (PJ/yr)";0.001;
"PE|Coal (EJ/yr)";"Primary Energy|Coal (PJ/yr)";0.001;
"PE|Coal|Electricity (EJ/yr)";"Primary Energy|Coal|Electricity (PJ/yr)";0.001;
"PE|Coal|Electricity|w/ CC (EJ/yr)";"Primary Energy|Coal|Electricity|w/ CCS (PJ/yr)";0.001;
"PE|Coal|Electricity|w/o CC (EJ/yr)";"Primary Energy|Coal|Electricity|w/o CCS (PJ/yr)";0.001;
"PE|Coal|Gases (EJ/yr)";"Primary Energy|Coal|Gases (PJ/yr)";0.001;
"PE|Coal|Heat (EJ/yr)";"Primary Energy|Coal|Heat (PJ/yr)";0.001;
"PE|Coal|Hydrogen (EJ/yr)";"Primary Energy|Coal|Hydrogen (PJ/yr)";0.001;
"PE|Coal|Liquids (EJ/yr)";"Primary Energy|Coal|Liquids (PJ/yr)";0.001;
"PE|Coal|Solids (EJ/yr)";"Primary Energy|Coal|Solids (PJ/yr)";0.001;
"PE|Coal|w/ CC (EJ/yr)";"Primary Energy|Coal|w/ CCS (PJ/yr)";0.001;
"PE|Coal|w/o CC (EJ/yr)";"Primary Energy|Coal|w/o CCS (PJ/yr)";0.001;
"PE|Fossil (EJ/yr)";"Primary Energy|Fossil (PJ/yr)";0.001;
"PE|Fossil|w/ CC (EJ/yr)";"Primary Energy|Fossil|w/ CCS (PJ/yr)";0.001;
"PE|Fossil|w/o CC (EJ/yr)";"Primary Energy|Fossil|w/o CCS (PJ/yr)";0.001;
"PE|Gas (EJ/yr)";"Primary Energy|Gas (PJ/yr)";0.001;
"PE|Gas|Electricity (EJ/yr)";"Primary Energy|Gas|Electricity (PJ/yr)";0.001;
"PE|Gas|Electricity|w/ CC (EJ/yr)";"Primary Energy|Gas|Electricity|w/ CCS (PJ/yr)";0.001;
"PE|Gas|Electricity|w/o CC (EJ/yr)";"Primary Energy|Gas|Electricity|w/o CCS (PJ/yr)";0.001;
"PE|Gas|Gases (EJ/yr)";"Primary Energy|Gas|Gases (PJ/yr)";0.001;
"PE|Gas|Heat (EJ/yr)";"Primary Energy|Gas|Heat (PJ/yr)";0.001;
"PE|Gas|Hydrogen (EJ/yr)";"Primary Energy|Gas|Hydrogen (PJ/yr)";0.001;
"PE|Gas|Hydrogen|w/ CC (EJ/yr)";"Primary Energy|Gas|Hydrogen|w/ CCS (PJ/yr)";0.001;
"PE|Gas|Hydrogen|w/o CC (EJ/yr)";"Primary Energy|Gas|Hydrogen|w/o CCS (PJ/yr)";0.001;
"PE|Gas|Liquids (EJ/yr)";"Primary Energy|Gas|Liquids (PJ/yr)";0.001;
"PE|Gas|w/ CC (EJ/yr)";"Primary Energy|Gas|w/ CCS (PJ/yr)";0.001;
"PE|Gas|w/o CC (EJ/yr)";"Primary Energy|Gas|w/o CCS (PJ/yr)";0.001;
"PE|Geothermal (EJ/yr)";"Primary Energy|Geothermal (PJ/yr)";0.001;
"PE|Hydro (EJ/yr)";"Primary Energy|Hydro (PJ/yr)";0.001;
"PE|Non-Biomass Renewables (EJ/yr)";"Primary Energy|Non-Biomass Renewables (PJ/yr)";0.001;
"PE|Nuclear (EJ/yr)";"Primary Energy|Nuclear (PJ/yr)";0.001;
"PE|Oil (EJ/yr)";"Primary Energy|Oil (PJ/yr)";0.001;
"PE|Oil|w/o CC (EJ/yr)";"Primary Energy|Oil|w/o CCS (PJ/yr)";0.001;
"PE|Solar (EJ/yr)";"Primary Energy|Solar (PJ/yr)";0.001;
"PE|Wind (EJ/yr)";"Primary Energy|Wind (PJ/yr)";0.001;
"Population (million)";"Economy|Population (million people)";1;
"Price|Biomass|World Market (US$2005/GJ)";"Price|Primary Energy|Biomass (EUR2015/GJ)";0.9259259;
"Price|Carbon (US$2005/t CO2)";"Price|Carbon|Net|Transport (EUR2015/t CO2)";0.9259259;
"Price|Carbon (US$2005/t CO2)";"Price|Carbon|EU-wide Regulation All Sectors (EUR2015/t CO2)";0.9259259;
"Price|Primary Energy|Coal (US$2005/GJ)";"Price|Primary Energy|Coal (EUR2015/GJ)";0.9259259;
"Price|Secondary Energy|Solids|Fossil (US$2005/GJ)";"Price|Secondary Energy|Solids|Coal (EUR2015/GJ)";0.9259259;
"Price|Primary Energy|Oil (US$2005/GJ)";"Price|Primary Energy|Oil (EUR2015/GJ)";0.9259259;
"Price|Final Energy|Buildings|Electricity (US$2005/GJ)";"Price|Final Energy|Residential and Commercial|Electricity (EUR2015/GJ)";0.9259259;
"Price|Final Energy|Industry|Electricity (US$2005/GJ)";"Price|Final Energy|Industry|Electricity (EUR2015/GJ)";0.9259259;
"Price|Final Energy|Buildings|Gases (US$2005/GJ)";"Price|Final Energy|Residential and Commercial|Gases (EUR2015/GJ)";0.9259259;
"Price|Final Energy|Industry|Gases (US$2005/GJ)";"Price|Final Energy|Industry|Gases (EUR2015/GJ)";0.9259259;
"Price|Final Energy|Buildings|Heat (US$2005/GJ)";"Price|Final Energy|Residential and Commercial|Heat (EUR2015/GJ)";0.9259259;
"Price|Final Energy|Industry|Heat (US$2005/GJ)";"Price|Final Energy|Industry|Heat (EUR2015/GJ)";0.9259259;
"Price|Final Energy|Buildings|Heating Oil (US$2005/GJ)";"Price|Final Energy|Residential and Commercial|Liquids (EUR2015/GJ)";0.9259259;
"Price|Final Energy|Industry|Heating Oil (US$2005/GJ)";"Price|Final Energy|Industry|Liquids (EUR2015/GJ)";0.9259259;
"Price|Final Energy|Buildings|Hydrogen (US$2005/GJ)";"Price|Final Energy|Residential and Commercial|Hydrogen (EUR2015/GJ)";0.9259259;
"Price|Final Energy|Industry|Hydrogen (US$2005/GJ)";"Price|Final Energy|Industry|Hydrogen (EUR2015/GJ)";0.9259259;
"Price|Final Energy|Buildings|Solids (US$2005/GJ)";"Price|Final Energy|Residential and Commercial|Solids (EUR2015/GJ)";0.9259259;
"Price|Final Energy|Industry|Solids (US$2005/GJ)";"Price|Final Energy|Industry|Solids (EUR2015/GJ)";0.9259259;
"Price|Primary Energy|Gas (US$2005/GJ)";"Price|Primary Energy|Gas (EUR2015/GJ)";0.9259259;
"Price|Secondary Energy|Electricity (US$2005/GJ)";"Price|Secondary Energy|Electricity (EUR2015/GJ)";0.9259259;
"Price|Secondary Energy|Gases (US$2005/GJ)";"Price|Secondary Energy|Gases (EUR2015/GJ)";0.9259259;
"Price|Secondary Energy|Hydrogen (US$2005/GJ)";"Price|Secondary Energy|Hydrogen (EUR2015/GJ)";0.9259259;
"Price|Secondary Energy|Liquids (US$2005/GJ)";"Price|Secondary Energy|Liquids (EUR2015/GJ)";0.9259259;
"Price|Secondary Energy|Solids|Biomass (US$2005/GJ)";"Price|Secondary Energy|Solids|Biomass (EUR2015/GJ)";0.9259259;
"NA";"Secondary Energy (PJ/yr)";"NA";"zero values in source"
"SE|Electricity (EJ/yr)";"Secondary Energy|Electricity (PJ/yr)";0.001;
"SE|Electricity|Biomass (EJ/yr)";"Secondary Energy|Electricity|Biomass (TWh/yr)";0.0036;
"SE|Electricity|Biomass|w/ CC (EJ/yr)";"Secondary Energy|Electricity|Biomass|w/ CCS (TWh/yr)";0.0036;
"SE|Electricity|Biomass|w/o CC (EJ/yr)";"Secondary Energy|Electricity|Biomass|w/o CCS (TWh/yr)";0.0036;
"SE|Electricity|Coal (EJ/yr)";"Secondary Energy|Electricity|Coal (TWh/yr)";0.0036;
"SE|Electricity|Coal|w/ CC (EJ/yr)";"Secondary Energy|Electricity|Coal|w/ CCS (TWh/yr)";0.0036;
"SE|Electricity|Coal|w/o CC (EJ/yr)";"Secondary Energy|Electricity|Coal|w/o CCS (TWh/yr)";0.0036;
"SE|Electricity|Gas (EJ/yr)";"Secondary Energy|Electricity|Gas (TWh/yr)";0.0036;
"SE|Electricity|Gas|CC|w/o CC (EJ/yr)";"Secondary Energy|Electricity|Gas|CC|w/o CCS (TWh/yr)";0.0036;
"SE|Electricity|Gas|w/ CC (EJ/yr)";"Secondary Energy|Electricity|Gas|w/ CCS (TWh/yr)";0.0036;
"SE|Electricity|Gas|w/o CC (EJ/yr)";"Secondary Energy|Electricity|Gas|w/o CCS (TWh/yr)";0.0036;
"SE|Electricity|Geothermal (EJ/yr)";"Secondary Energy|Electricity|Geothermal (TWh/yr)";0.0036;
"SE|Electricity|Hydro (EJ/yr)";"Secondary Energy|Electricity|Hydro (TWh/yr)";0.0036;
"SE|Electricity|Hydrogen (EJ/yr)";"Secondary Energy|Electricity|Hydrogen (TWh/yr)";0.0036;
"SE|Electricity|Nuclear (EJ/yr)";"Secondary Energy|Electricity|Nuclear (TWh/yr)";0.0036;
"SE|Electricity|Oil (EJ/yr)";"Secondary Energy|Electricity|Oil (TWh/yr)";0.0036;
"SE|Electricity|Solar (EJ/yr)";"Secondary Energy|Electricity|Solar (TWh/yr)";0.0036;
"SE|Electricity|Solar|CSP (EJ/yr)";"Secondary Energy|Electricity|Solar|CSP (TWh/yr)";0.0036;
"SE|Electricity|Solar|PV (EJ/yr)";"Secondary Energy|Electricity|Solar|PV (TWh/yr)";0.0036;
"SE|Electricity|Wind (EJ/yr)";"Secondary Energy|Electricity|Wind (TWh/yr)";0.0036;
"SE|Gases (EJ/yr)";"Secondary Energy|Gases (PJ/yr)";0.001;
"SE|Gases|Biomass (EJ/yr)";"Secondary Energy|Gases|Biomass (PJ/yr)";0.001;
"SE|Gases|Biomass|w/ CC (EJ/yr)";"Secondary Energy|Gases|Biomass|w/ CCS (PJ/yr)";0.001;
"SE|Gases|Biomass|w/o CC (EJ/yr)";"Secondary Energy|Gases|Biomass|w/o CCS (PJ/yr)";0.001;
"SE|Gases|Liquids|Coal (EJ/yr)";"Secondary Energy|Gases|Coal (PJ/yr)";0.001;
"SE|Gases|Liquids|Natural Gas (EJ/yr)";"Secondary Energy|Gases|Natural Gas (PJ/yr)";0.001;
"SE|Heat (EJ/yr)";"Secondary Energy|Heat (PJ/yr)";0.001;
"SE|Heat|Biomass (EJ/yr)";"Secondary Energy|Heat|Biomass (PJ/yr)";0.001;
"NA";"Secondary Energy|Heat|Electricity (PJ/yr)";"NA";
"SE|Heat|Coal (EJ/yr)";"Secondary Energy|Heat|Coal (PJ/yr)";0.001;
"SE|Heat|Gas (EJ/yr)";"Secondary Energy|Heat|Gas (PJ/yr)";0.001;
"SE|Heat|Geothermal (EJ/yr)";"Secondary Energy|Heat|Geothermal (PJ/yr)";0.001;
"SE|Hydrogen (EJ/yr)";"Secondary Energy|Hydrogen (PJ/yr)";0.001;
"SE|Hydrogen|Biomass (EJ/yr)";"Secondary Energy|Hydrogen|Biomass (PJ/yr)";0.001;
"SE|Hydrogen|Biomass|w/ CC (EJ/yr)";"Secondary Energy|Hydrogen|Biomass|w/ CCS (PJ/yr)";0.001;
"SE|Hydrogen|Biomass|w/o CC (EJ/yr)";"Secondary Energy|Hydrogen|Biomass|w/o CCS (PJ/yr)";0.001;
"SE|Hydrogen|Coal (EJ/yr)";"Secondary Energy|Hydrogen|Coal (PJ/yr)";0.001;
"SE|Hydrogen|Coal|w/ CC (EJ/yr)";"Secondary Energy|Hydrogen|Coal|w/ CCS (PJ/yr)";0.001;
"SE|Hydrogen|Coal|w/o CC (EJ/yr)";"Secondary Energy|Hydrogen|Coal|w/o CCS (PJ/yr)";0.001;
"SE|Hydrogen|Electricity (EJ/yr)";"Secondary Energy|Hydrogen|Electricity (PJ/yr)";0.001;
"SE|Hydrogen|Gas (EJ/yr)";"Secondary Energy|Hydrogen|Gas (PJ/yr)";0.001;
"SE|Hydrogen|Gas|w/ CC (EJ/yr)";"Secondary Energy|Hydrogen|Gas|w/ CCS (PJ/yr)";0.001;
"SE|Hydrogen|Gas|w/o CC (EJ/yr)";"Secondary Energy|Hydrogen|Gas|w/o CCS (PJ/yr)";0.001;
"SE|Liquids (EJ/yr)";"Secondary Energy|Liquids (PJ/yr)";0.001;
"SE|Liquids|Biomass (EJ/yr)";"Secondary Energy|Liquids|Biomass (PJ/yr)";0.001;
"SE|Liquids|Biomass|w/ CC (EJ/yr)";"Secondary Energy|Liquids|Biomass|w/ CCS (PJ/yr)";0.001;
"SE|Liquids|Biomass|w/o CC (EJ/yr)";"Secondary Energy|Liquids|Biomass|w/o CCS (PJ/yr)";0.001;
"SE|Liquids|Fossil|Coal (EJ/yr)";"Secondary Energy|Liquids|Coal (PJ/yr)";0.001;
"SE|Liquids|Fossil|Coal|w/ CC (EJ/yr)";"Secondary Energy|Liquids|Coal|w/ CCS (PJ/yr)";0.001;
"SE|Liquids|Fossil|Coal|w/o CC (EJ/yr)";"Secondary Energy|Liquids|Coal|w/o CCS (PJ/yr)";0.001;
"SE|Liquids|Fossil|Gas (EJ/yr)";"Secondary Energy|Liquids|Gas (PJ/yr)";0.001;
"SE|Liquids|Fossil|Oil (EJ/yr)";"Secondary Energy|Liquids|Oil (PJ/yr)";0.001;
"SE|Solids (EJ/yr)";"Secondary Energy|Solids (PJ/yr)";0.001;
"SE|Solids|Biomass (EJ/yr)";"Secondary Energy|Solids|Biomass (PJ/yr)";0.001;
"SE|Solids|Coal (EJ/yr)";"Secondary Energy|Solids|Coal (PJ/yr)";0.001;
"Total Energy costs (billion US$2005/yr)";"Total Energy System Cost (billion EUR2015/yr)";0.9259259;
"Total Energy costs|Electricity (billion US$2005/yr)";"Total Energy System Cost|Power Sector (billion EUR2015/yr)";0.9259259;
"Trade|Biomass (EJ/yr)";"Trade|Primary Energy|Biomass|Volume (PJ/yr)";0.001;
"Trade|Coal (EJ/yr)";"Trade|Primary Energy|Coal|Volume (PJ/yr)";0.001;
"Trade|Gas (EJ/yr)";"Trade|Primary Energy|Gas|Volume (PJ/yr)";0.001;
"Trade|Oil (EJ/yr)";"Trade|Primary Energy|Oil|Volume (PJ/yr)";0.001;
"Trade|Uranium|Mass (ktU/yr)";"Trade|Uranium|Mass (kt U/yr)";1;
"UE|Buildings|Appliances and Light (EJ/yr)";"Useful Energy|Residential and Commercial|Appliances and Lighting (PJ/yr)";0.001;
"UE|Buildings|Appliances and Light|Electricity (EJ/yr)";"Useful Energy|Residential and Commercial|Appliances and Lighting|Electricity (PJ/yr)";0.001;
"UE|Buildings|Cooking and Water (EJ/yr)";"Useful Energy|Residential and Commercial|Water Heating and Cooking (PJ/yr)";0.001;
"UE|Buildings|Cooking and Water|Electricity (EJ/yr)";"Useful Energy|Residential and Commercial|Water Heating and Cooking|Electricity (PJ/yr)";0.001;
"UE|Buildings|Cooking and Water|Electricity|Heat pumps (EJ/yr)";"Useful Energy|Residential and Commercial|Water Heating and Cooking|Electricity|Heat Pumps (PJ/yr)";0.001;
"UE|Buildings|Cooking and Water|Electricity|Resistance (EJ/yr)";"Useful Energy|Residential and Commercial|Water Heating and Cooking|Electricity|Resistive (PJ/yr)";0.001;
"UE|Buildings|Cooking and Water|Gases (EJ/yr)";"Useful Energy|Residential and Commercial|Water Heating and Cooking|Gases (PJ/yr)";0.001;
"UE|Buildings|Cooking and Water|Heat (EJ/yr)";"Useful Energy|Residential and Commercial|Water Heating and Cooking|Heat (PJ/yr)";0.001;
"UE|Buildings|Cooking and Water|Hydrogen (EJ/yr)";"Useful Energy|Residential and Commercial|Water Heating and Cooking|Hydrogen (PJ/yr)";0.001;
"UE|Buildings|Cooking and Water|Liquids (EJ/yr)";"Useful Energy|Residential and Commercial|Water Heating and Cooking|Liquids (PJ/yr)";0.001;
"UE|Buildings|Cooking and Water|Solids (EJ/yr)";"Useful Energy|Residential and Commercial|Water Heating and Cooking|Solids (PJ/yr)";0.001;
"UE|Buildings|Space Cooling (EJ/yr)";"Useful Energy|Residential and Commercial|Space Cooling (PJ/yr)";0.001;
"UE|Buildings|Space Cooling|Electricity (EJ/yr)";"Useful Energy|Residential and Commercial|Space Cooling|Electricity (PJ/yr)";0.001;
"UE|Buildings|Space Heating (EJ/yr)";"Useful Energy|Residential and Commercial|Space Heating (PJ/yr)";0.001;
"UE|Buildings|Space Heating|Electricity (EJ/yr)";"Useful Energy|Residential and Commercial|Space Heating|Electricity (PJ/yr)";0.001;
"UE|Buildings|Space Heating|Electricity|Heat pumps (EJ/yr)";"Useful Energy|Residential and Commercial|Space Heating|Electricity|Heat Pumps (PJ/yr)";0.001;
"UE|Buildings|Space Heating|Electricity|Resistance (EJ/yr)";"Useful Energy|Residential and Commercial|Space Heating|Electricity|Resistive (PJ/yr)";0.001;
"UE|Buildings|Space Heating|Gases (EJ/yr)";"Useful Energy|Residential and Commercial|Space Heating|Gases (PJ/yr)";0.001;
"UE|Buildings|Space Heating|Heat (EJ/yr)";"Useful Energy|Residential and Commercial|Space Heating|Heat (PJ/yr)";0.001;
"UE|Buildings|Space Heating|Hydrogen (EJ/yr)";"Useful Energy|Residential and Commercial|Space Heating|Hydrogen (PJ/yr)";0.001;
"UE|Buildings|Space Heating|Liquids (EJ/yr)";"Useful Energy|Residential and Commercial|Space Heating|Liquids (PJ/yr)";0.001;
"UE|Buildings|Space Heating|Solids (EJ/yr)";"Useful Energy|Residential and Commercial|Space Heating|Solids (PJ/yr)";0.001;
"Emissions|CO2|Energy|Fugitive Emissions (Mt CO2/yr)";"Emissions|CO2|Energy|Fugitive Emissions (Mt CO2/yr)";1;
