UNFCCC;Unit_UNFCCC;Weight;Factor;Unit_REMIND;REMIND;Comment
Summary1_As1|Net emissions|CH4;;;;;;
Summary1_As1|Net emissions|CO2;;;;;;
Summary1_As1|Net Emissions|Energy|CH4;;;;;;
Summary1_As1|Net Emissions|Energy|CO2;;;;;;
Summary1_As1|Net Emissions|Energy|CO2 Transport and storage|CO2;;;;;;
Summary1_As1|Net Emissions|Energy|Fuel combustion|Energy industries|CH4;;;;;;
Summary1_As1|Net Emissions|Energy|Fuel combustion|Energy industries|CO2;;;;;;
Summary1_As1|Net Emissions|Energy|Fuel combustion|Energy industries|N2O;;;;;;
Summary1_As1|Net Emissions|Energy|Fuel combustion|Manufacturing industries and construction |CH4;;;;;;
Summary1_As1|Net Emissions|Energy|Fuel combustion|Manufacturing industries and construction |CO2;;;;;;
Summary1_As1|Net Emissions|Energy|Fuel combustion|Manufacturing industries and construction |N2O;;;;;;
Summary1_As1|Net Emissions|Energy|Fuel combustion|Other sectors|CH4;;;;;;
Summary1_As1|Net Emissions|Energy|Fuel combustion|Other sectors|CO2;;;;;;
Summary1_As1|Net Emissions|Energy|Fuel combustion|Other sectors|N2O;;;;;;
Summary1_As1|Net Emissions|Energy|Fuel combustion|Other|CH4;;;;;;
Summary1_As1|Net Emissions|Energy|Fuel combustion|Other|CO2;;;;;;
Summary1_As1|Net Emissions|Energy|Fuel combustion|Other|N2O;;;;;;
Summary1_As1|Net Emissions|Energy|Fuel combustion|Reference approach|CO2;;;;;;
Summary1_As1|Net Emissions|Energy|Fuel combustion|Sectoral approach|CH4;;;;;;
Summary1_As1|Net Emissions|Energy|Fuel combustion|Sectoral approach|CO2;;;;;;
Summary1_As1|Net Emissions|Energy|Fuel combustion|Sectoral approach|N2O;;;;;;
Summary1_As1|Net Emissions|Energy|Fuel combustion|Transport|CH4;;;;;;
Summary1_As1|Net Emissions|Energy|Fuel combustion|Transport|CO2;;;;;;
Summary1_As1|Net Emissions|Energy|Fuel combustion|Transport|N2O;;;;;;
Summary1_As1|Net Emissions|Energy|Fugitive emissions from fuels|CH4;;;;;;
Summary1_As1|Net Emissions|Energy|Fugitive emissions from fuels|CO2;;;;;;
Summary1_As1|Net Emissions|Energy|Fugitive emissions from fuels|N2O;;;;;;
Summary1_As1|Net Emissions|Energy|Fugitive emissions from fuels|Oil and natural gas and other emissions from energy production|CH4;;;;;;
Summary1_As1|Net Emissions|Energy|Fugitive emissions from fuels|Oil and natural gas and other emissions from energy production|CO2;;;;;;
Summary1_As1|Net Emissions|Energy|Fugitive emissions from fuels|Oil and natural gas and other emissions from energy production|N2O;;;;;;
Summary1_As1|Net Emissions|Energy|Fugitive emissions from fuels|Solid fuels|CH4;;;;;;
Summary1_As1|Net Emissions|Energy|Fugitive emissions from fuels|Solid fuels|CO2;;;;;;
Summary1_As1|Net Emissions|Energy|Fugitive emissions from fuels|Solid fuels|N2O;;;;;;
Summary1_As1|Net Emissions|Energy|N2O;;;;;;
Summary1_As1|Net Emissions|Industrial processes and product use|CH4;;;;;;
Summary1_As1|Net Emissions|Industrial processes and product use|Chemical industry|CH4;;;;;;
Summary1_As1|Net Emissions|Industrial processes and product use|Chemical industry|CO2;;;;;;
Summary1_As1|Net Emissions|Industrial processes and product use|Chemical industry|N2O;;;;;;
Summary1_As1|Net Emissions|Industrial processes and product use|CO2;;;;;;
Summary1_As1|Net Emissions|Industrial processes and product use|Metal industry|CH4;;;;;;
Summary1_As1|Net Emissions|Industrial processes and product use|Metal industry|CO2;;;;;;
Summary1_As1|Net Emissions|Industrial processes and product use|Metal industry|N2O;;;;;;
Summary1_As1|Net Emissions|Industrial processes and product use|Mineral industry|CO2;;;;;;
Summary1_As1|Net Emissions|Industrial processes and product use|N2O;;;;;;
Summary1_As1|Net Emissions|Industrial processes and product use|Non-energy products from fuels and solvent use |CH4;;;;;;
Summary1_As1|Net Emissions|Industrial processes and product use|Non-energy products from fuels and solvent use |CO2;;;;;;
Summary1_As1|Net Emissions|Industrial processes and product use|Non-energy products from fuels and solvent use |N2O;;;;;;
Summary1_As1|Net Emissions|Industrial processes and product use|Other product manufacture and use |CH4;;;;;;
Summary1_As1|Net Emissions|Industrial processes and product use|Other product manufacture and use |CO2;;;;;;
Summary1_As1|Net Emissions|Industrial processes and product use|Other product manufacture and use |N2O;;;;;;
Summary1_As1|Net Emissions|Industrial processes and product use|Other|CH4;;;;;;
Summary1_As1|Net Emissions|Industrial processes and product use|Other|CO2;;;;;;
Summary1_As1|Net Emissions|Industrial processes and product use|Other|N2O;;;;;;
Summary1_As1|Net emissions|N2O;;;;;;
Summary1_As2|Net Emissions|Agriculture|Agricultural soils|N2O;;;;;;
Summary1_As2|Net Emissions|Agriculture|CH4;;;;;;
Summary1_As2|Net Emissions|Agriculture|CO2;;;;;;
Summary1_As2|Net Emissions|Agriculture|Enteric fermentation|CH4;;;;;;
Summary1_As2|Net Emissions|Agriculture|Field burning of agricultural residues|CH4;;;;;;
Summary1_As2|Net Emissions|Agriculture|Field burning of agricultural residues|N2O;;;;;;
Summary1_As2|Net Emissions|Agriculture|Liming|CO2;;;;;;
Summary1_As2|Net Emissions|Agriculture|Manure management|CH4;;;;;;
Summary1_As2|Net Emissions|Agriculture|Manure management|N2O;;;;;;
Summary1_As2|Net Emissions|Agriculture|N2O;;;;;;
Summary1_As2|Net Emissions|Agriculture|Other |CH4;;;;;;
Summary1_As2|Net Emissions|Agriculture|Other |CO2;;;;;;
Summary1_As2|Net Emissions|Agriculture|Other |N2O;;;;;;
Summary1_As2|Net Emissions|Agriculture|Other carbon-contining fertilizers|CO2;;;;;;
Summary1_As2|Net Emissions|Agriculture|Rice cultivation|CH4;;;;;;
Summary1_As2|Net Emissions|Agriculture|Urea application|CO2;;;;;;
Summary1_As2|Net Emissions|Land use, land-use change and forestry |CH4;;;;;;
Summary1_As2|Net Emissions|Land use, land-use change and forestry |CO2;;;;;;
Summary1_As2|Net Emissions|Land use, land-use change and forestry |N2O;;;;;;
Summary1_As2|Net Emissions|Land use, land-use change and forestry|Cropland|CH4;;;;;;
Summary1_As2|Net Emissions|Land use, land-use change and forestry|Cropland|CO2;;;;;;
Summary1_As2|Net Emissions|Land use, land-use change and forestry|Cropland|N2O;;;;;;
Summary1_As2|Net Emissions|Land use, land-use change and forestry|Forest land|CH4;;;;;;
Summary1_As2|Net Emissions|Land use, land-use change and forestry|Forest land|CO2;;;;;;
Summary1_As2|Net Emissions|Land use, land-use change and forestry|Forest land|N2O;;;;;;
Summary1_As2|Net Emissions|Land use, land-use change and forestry|Grassland|CH4;;;;;;
Summary1_As2|Net Emissions|Land use, land-use change and forestry|Grassland|CO2;;;;;;
Summary1_As2|Net Emissions|Land use, land-use change and forestry|Grassland|N2O;;;;;;
Summary1_As2|Net Emissions|Land use, land-use change and forestry|Harvested wood products|CO2;;;;;;
Summary1_As2|Net Emissions|Land use, land-use change and forestry|Other |CH4;;;;;;
Summary1_As2|Net Emissions|Land use, land-use change and forestry|Other |CO2;;;;;;
Summary1_As2|Net Emissions|Land use, land-use change and forestry|Other |N2O;;;;;;
Summary1_As2|Net Emissions|Land use, land-use change and forestry|Other land|CH4;;;;;;
Summary1_As2|Net Emissions|Land use, land-use change and forestry|Other land|CO2;;;;;;
Summary1_As2|Net Emissions|Land use, land-use change and forestry|Other land|N2O;;;;;;
Summary1_As2|Net Emissions|Land use, land-use change and forestry|Settlements|CH4;;;;;;
Summary1_As2|Net Emissions|Land use, land-use change and forestry|Settlements|CO2;;;;;;
Summary1_As2|Net Emissions|Land use, land-use change and forestry|Settlements|N2O;;;;;;
Summary1_As2|Net Emissions|Land use, land-use change and forestry|Wetlands|CH4;;;;;;
Summary1_As2|Net Emissions|Land use, land-use change and forestry|Wetlands|CO2;;;;;;
Summary1_As2|Net Emissions|Land use, land-use change and forestry|Wetlands|N2O;;;;;;
Summary1_As2|Net Emissions|Other|CH4;;;;;;
Summary1_As2|Net Emissions|Other|CO2;;;;;;
Summary1_As2|Net Emissions|Other|N2O;;;;;;
Summary1_As2|Net Emissions|Waste|Biological treatment of solid waste|CH4;;;;;;
Summary1_As2|Net Emissions|Waste|Biological treatment of solid waste|N2O;;;;;;
Summary1_As2|Net Emissions|Waste|CH4;;;;;;
Summary1_As2|Net Emissions|Waste|CO2;;;;;;
Summary1_As2|Net Emissions|Waste|Incineration and open burning of waste|CH4;;;;;;
Summary1_As2|Net Emissions|Waste|Incineration and open burning of waste|CO2;;;;;;
Summary1_As2|Net Emissions|Waste|Incineration and open burning of waste|N2O;;;;;;
Summary1_As2|Net Emissions|Waste|N2O;;;;;;
Summary1_As2|Net Emissions|Waste|Other|CH4;;;;;;
Summary1_As2|Net Emissions|Waste|Other|CO2;;;;;;
Summary1_As2|Net Emissions|Waste|Other|N2O;;;;;;
Summary1_As2|Net Emissions|Waste|Solid waste disposal|CH4;;;;;;
Summary1_As2|Net Emissions|Waste|Wastewater treatment and discharge|CH4;;;;;;
Summary1_As2|Net Emissions|Waste|Wastewater treatment and discharge|N2O;;;;;;
Table1_A(a)s1|Fuel combustion|Biomass|CH4;;;;;;
Table1_A(a)s1|Fuel combustion|Biomass|N2O;;;;;;
Table1_A(a)s1|Fuel combustion|CH4;;;;;;
Table1_A(a)s1|Fuel combustion|CO2;;;;;;
Table1_A(a)s1|Fuel combustion|Energy industries|Biomass|CH4;;;;;;
Table1_A(a)s1|Fuel combustion|Energy industries|Biomass|CO2;;;;;;
Table1_A(a)s1|Fuel combustion|Energy industries|Biomass|N2O;;;;;;
Table1_A(a)s1|Fuel combustion|Energy industries|CH4;;;;;;
Table1_A(a)s1|Fuel combustion|Energy industries|CO2;;;;;;
Table1_A(a)s1|Fuel combustion|Energy industries|Gaseous fuels|CH4;;;;;;
Table1_A(a)s1|Fuel combustion|Energy industries|Gaseous fuels|CO2;;;;;;
Table1_A(a)s1|Fuel combustion|Energy industries|Gaseous fuels|N2O;;;;;;
Table1_A(a)s1|Fuel combustion|Energy industries|Liquid fuels|CH4;;;;;;
Table1_A(a)s1|Fuel combustion|Energy industries|Liquid fuels|CO2;;;;;;
Table1_A(a)s1|Fuel combustion|Energy industries|Liquid fuels|N2O;;;;;;
Table1_A(a)s1|Fuel combustion|Energy industries|Manufacture of solid fuels and other energy industries|Biomass|CH4;;;;;;
Table1_A(a)s1|Fuel combustion|Energy industries|Manufacture of solid fuels and other energy industries|Biomass|CO2;;;;;;
Table1_A(a)s1|Fuel combustion|Energy industries|Manufacture of solid fuels and other energy industries|Biomass|N2O;;;;;;
Table1_A(a)s1|Fuel combustion|Energy industries|Manufacture of solid fuels and other energy industries|CH4;;;;;;
Table1_A(a)s1|Fuel combustion|Energy industries|Manufacture of solid fuels and other energy industries|CO2;;;;;;
Table1_A(a)s1|Fuel combustion|Energy industries|Manufacture of solid fuels and other energy industries|Gaseous fuels|CH4;;;;;;
Table1_A(a)s1|Fuel combustion|Energy industries|Manufacture of solid fuels and other energy industries|Gaseous fuels|CO2;;;;;;
Table1_A(a)s1|Fuel combustion|Energy industries|Manufacture of solid fuels and other energy industries|Gaseous fuels|N2O;;;;;;
Table1_A(a)s1|Fuel combustion|Energy industries|Manufacture of solid fuels and other energy industries|Liquid fuels|CH4;;;;;;
Table1_A(a)s1|Fuel combustion|Energy industries|Manufacture of solid fuels and other energy industries|Liquid fuels|CO2;;;;;;
Table1_A(a)s1|Fuel combustion|Energy industries|Manufacture of solid fuels and other energy industries|Liquid fuels|N2O;;;;;;
Table1_A(a)s1|Fuel combustion|Energy industries|Manufacture of solid fuels and other energy industries|N2O;;;;;;
Table1_A(a)s1|Fuel combustion|Energy industries|Manufacture of solid fuels and other energy industries|Other fossil fuels|CH4;;;;;;
Table1_A(a)s1|Fuel combustion|Energy industries|Manufacture of solid fuels and other energy industries|Other fossil fuels|CO2;;;;;;
Table1_A(a)s1|Fuel combustion|Energy industries|Manufacture of solid fuels and other energy industries|Other fossil fuels|N2O;;;;;;
Table1_A(a)s1|Fuel combustion|Energy industries|Manufacture of solid fuels and other energy industries|Peat|CH4;;;;;;
Table1_A(a)s1|Fuel combustion|Energy industries|Manufacture of solid fuels and other energy industries|Peat|CO2;;;;;;
Table1_A(a)s1|Fuel combustion|Energy industries|Manufacture of solid fuels and other energy industries|Peat|N2O;;;;;;
Table1_A(a)s1|Fuel combustion|Energy industries|Manufacture of solid fuels and other energy industries|Solid fuels|CH4;;;;;;
Table1_A(a)s1|Fuel combustion|Energy industries|Manufacture of solid fuels and other energy industries|Solid fuels|CO2;;;;;;
Table1_A(a)s1|Fuel combustion|Energy industries|Manufacture of solid fuels and other energy industries|Solid fuels|N2O;;;;;;
Table1_A(a)s1|Fuel combustion|Energy industries|N2O;;;;;;
Table1_A(a)s1|Fuel combustion|Energy industries|Other fossil fuels|CH4;;;;;;
Table1_A(a)s1|Fuel combustion|Energy industries|Other fossil fuels|CO2;;;;;;
Table1_A(a)s1|Fuel combustion|Energy industries|Other fossil fuels|N2O;;;;;;
Table1_A(a)s1|Fuel combustion|Energy industries|Peat|CH4;;;;;;
Table1_A(a)s1|Fuel combustion|Energy industries|Peat|CO2;;;;;;
Table1_A(a)s1|Fuel combustion|Energy industries|Peat|N2O;;;;;;
Table1_A(a)s1|Fuel combustion|Energy industries|Petroleum refining|Biomass|CH4;;;;;;
Table1_A(a)s1|Fuel combustion|Energy industries|Petroleum refining|Biomass|CO2;;;;;;
Table1_A(a)s1|Fuel combustion|Energy industries|Petroleum refining|Biomass|N2O;;;;;;
Table1_A(a)s1|Fuel combustion|Energy industries|Petroleum refining|CH4;;;;;;
Table1_A(a)s1|Fuel combustion|Energy industries|Petroleum refining|CO2;;;;;;
Table1_A(a)s1|Fuel combustion|Energy industries|Petroleum refining|Gaseous fuels|CH4;;;;;;
Table1_A(a)s1|Fuel combustion|Energy industries|Petroleum refining|Gaseous fuels|CO2;;;;;;
Table1_A(a)s1|Fuel combustion|Energy industries|Petroleum refining|Gaseous fuels|N2O;;;;;;
Table1_A(a)s1|Fuel combustion|Energy industries|Petroleum refining|Liquid fuels|CH4;;;;;;
Table1_A(a)s1|Fuel combustion|Energy industries|Petroleum refining|Liquid fuels|CO2;;;;;;
Table1_A(a)s1|Fuel combustion|Energy industries|Petroleum refining|Liquid fuels|N2O;;;;;;
Table1_A(a)s1|Fuel combustion|Energy industries|Petroleum refining|N2O;;;;;;
Table1_A(a)s1|Fuel combustion|Energy industries|Petroleum refining|Other fossil fuels|CH4;;;;;;
Table1_A(a)s1|Fuel combustion|Energy industries|Petroleum refining|Other fossil fuels|CO2;;;;;;
Table1_A(a)s1|Fuel combustion|Energy industries|Petroleum refining|Other fossil fuels|N2O;;;;;;
Table1_A(a)s1|Fuel combustion|Energy industries|Petroleum refining|Peat|CH4;;;;;;
Table1_A(a)s1|Fuel combustion|Energy industries|Petroleum refining|Peat|CO2;;;;;;
Table1_A(a)s1|Fuel combustion|Energy industries|Petroleum refining|Peat|N2O;;;;;;
Table1_A(a)s1|Fuel combustion|Energy industries|Petroleum refining|Solid fuels|CH4;;;;;;
Table1_A(a)s1|Fuel combustion|Energy industries|Petroleum refining|Solid fuels|CO2;;;;;;
Table1_A(a)s1|Fuel combustion|Energy industries|Petroleum refining|Solid fuels|N2O;;;;;;
Table1_A(a)s1|Fuel combustion|Energy industries|Public electricity and heat production|Biomass|CH4;;;;;;
Table1_A(a)s1|Fuel combustion|Energy industries|Public electricity and heat production|Biomass|CO2;;;;;;
Table1_A(a)s1|Fuel combustion|Energy industries|Public electricity and heat production|Biomass|N2O;;;;;;
Table1_A(a)s1|Fuel combustion|Energy industries|Public electricity and heat production|CH4;;;;;;
Table1_A(a)s1|Fuel combustion|Energy industries|Public electricity and heat production|CO2;;;;;;
Table1_A(a)s1|Fuel combustion|Energy industries|Public electricity and heat production|Gaseous fuels|CH4;;;;;;
Table1_A(a)s1|Fuel combustion|Energy industries|Public electricity and heat production|Gaseous fuels|CO2;;;;;;
Table1_A(a)s1|Fuel combustion|Energy industries|Public electricity and heat production|Gaseous fuels|N2O;;;;;;
Table1_A(a)s1|Fuel combustion|Energy industries|Public electricity and heat production|Liquid fuels|CH4;;;;;;
Table1_A(a)s1|Fuel combustion|Energy industries|Public electricity and heat production|Liquid fuels|CO2;;;;;;
Table1_A(a)s1|Fuel combustion|Energy industries|Public electricity and heat production|Liquid fuels|N2O;;;;;;
Table1_A(a)s1|Fuel combustion|Energy industries|Public electricity and heat production|N2O;;;;;;
Table1_A(a)s1|Fuel combustion|Energy industries|Public electricity and heat production|Other fossil fuels|CH4;;;;;;
Table1_A(a)s1|Fuel combustion|Energy industries|Public electricity and heat production|Other fossil fuels|CO2;;;;;;
Table1_A(a)s1|Fuel combustion|Energy industries|Public electricity and heat production|Other fossil fuels|N2O;;;;;;
Table1_A(a)s1|Fuel combustion|Energy industries|Public electricity and heat production|Peat|CH4;;;;;;
Table1_A(a)s1|Fuel combustion|Energy industries|Public electricity and heat production|Peat|CO2;;;;;;
Table1_A(a)s1|Fuel combustion|Energy industries|Public electricity and heat production|Peat|N2O;;;;;;
Table1_A(a)s1|Fuel combustion|Energy industries|Public electricity and heat production|Solid fuels|CH4;;;;;;
Table1_A(a)s1|Fuel combustion|Energy industries|Public electricity and heat production|Solid fuels|CO2;;;;;;
Table1_A(a)s1|Fuel combustion|Energy industries|Public electricity and heat production|Solid fuels|N2O;;;;;;
Table1_A(a)s1|Fuel combustion|Energy industries|Solid fuels|CH4;;;;;;
Table1_A(a)s1|Fuel combustion|Energy industries|Solid fuels|CO2;;;;;;
Table1_A(a)s1|Fuel combustion|Energy industries|Solid fuels|N2O;;;;;;
Table1_A(a)s1|Fuel combustion|Gaseous fuels|CH4;;;;;;
Table1_A(a)s1|Fuel combustion|Gaseous fuels|CO2;;;;;;
Table1_A(a)s1|Fuel combustion|Gaseous fuels|N2O;;;;;;
Table1_A(a)s1|Fuel combustion|Liquid fuels|CH4;;;;;;
Table1_A(a)s1|Fuel combustion|Liquid fuels|CO2;;;;;;
Table1_A(a)s1|Fuel combustion|Liquid fuels|N2O;;;;;;
Table1_A(a)s1|Fuel combustion|N2O;;;;;;
Table1_A(a)s1|Fuel combustion|Other fossil fuels|CH4;;;;;;
Table1_A(a)s1|Fuel combustion|Other fossil fuels|CO2;;;;;;
Table1_A(a)s1|Fuel combustion|Other fossil fuels|N2O;;;;;;
Table1_A(a)s1|Fuel combustion|Peat|CH4;;;;;;
Table1_A(a)s1|Fuel combustion|Peat|CO2;;;;;;
Table1_A(a)s1|Fuel combustion|Peat|N2O;;;;;;
Table1_A(a)s1|Fuel combustion|Solid fuels|CH4;;;;;;
Table1_A(a)s1|Fuel combustion|Solid fuels|CO2;;;;;;
Table1_A(a)s1|Fuel combustion|Solid fuels|N2O;;;;;;
Table1_A(a)s2|Manufacturing industries and construction|Biomass|CH4;;;;;;
Table1_A(a)s2|Manufacturing industries and construction|Biomass|CO2;;;;;;
Table1_A(a)s2|Manufacturing industries and construction|Biomass|N2O;;;;;;
Table1_A(a)s2|Manufacturing industries and construction|CH4;;;;;;
Table1_A(a)s2|Manufacturing industries and construction|Chemicals|Biomass|CH4;;;;;;
Table1_A(a)s2|Manufacturing industries and construction|Chemicals|Biomass|CO2;;;;;;
Table1_A(a)s2|Manufacturing industries and construction|Chemicals|Biomass|N2O;;;;;;
Table1_A(a)s2|Manufacturing industries and construction|Chemicals|CH4;;;;;;
Table1_A(a)s2|Manufacturing industries and construction|Chemicals|CO2;;;;;;
Table1_A(a)s2|Manufacturing industries and construction|Chemicals|Gaseous fuels|CH4;;;;;;
Table1_A(a)s2|Manufacturing industries and construction|Chemicals|Gaseous fuels|CO2;;;;;;
Table1_A(a)s2|Manufacturing industries and construction|Chemicals|Gaseous fuels|N2O;;;;;;
Table1_A(a)s2|Manufacturing industries and construction|Chemicals|Liquid fuels|CH4;;;;;;
Table1_A(a)s2|Manufacturing industries and construction|Chemicals|Liquid fuels|CO2;;;;;;
Table1_A(a)s2|Manufacturing industries and construction|Chemicals|Liquid fuels|N2O;;;;;;
Table1_A(a)s2|Manufacturing industries and construction|Chemicals|N2O;;;;;;
Table1_A(a)s2|Manufacturing industries and construction|Chemicals|Other fossil fuels|CH4;;;;;;
Table1_A(a)s2|Manufacturing industries and construction|Chemicals|Other fossil fuels|CO2;;;;;;
Table1_A(a)s2|Manufacturing industries and construction|Chemicals|Other fossil fuels|N2O;;;;;;
Table1_A(a)s2|Manufacturing industries and construction|Chemicals|Peat|CH4;;;;;;
Table1_A(a)s2|Manufacturing industries and construction|Chemicals|Peat|CO2;;;;;;
Table1_A(a)s2|Manufacturing industries and construction|Chemicals|Peat|N2O;;;;;;
Table1_A(a)s2|Manufacturing industries and construction|Chemicals|Solid fuels|CH4;;;;;;
Table1_A(a)s2|Manufacturing industries and construction|Chemicals|Solid fuels|CO2;;;;;;
Table1_A(a)s2|Manufacturing industries and construction|Chemicals|Solid fuels|N2O;;;;;;
Table1_A(a)s2|Manufacturing industries and construction|CO2;;;;;;
Table1_A(a)s2|Manufacturing industries and construction|Food processing, beverages and tobacco|Biomass|CH4;;;;;;
Table1_A(a)s2|Manufacturing industries and construction|Food processing, beverages and tobacco|Biomass|CO2;;;;;;
Table1_A(a)s2|Manufacturing industries and construction|Food processing, beverages and tobacco|Biomass|N2O;;;;;;
Table1_A(a)s2|Manufacturing industries and construction|Food processing, beverages and tobacco|CH4;;;;;;
Table1_A(a)s2|Manufacturing industries and construction|Food processing, beverages and tobacco|CO2;;;;;;
Table1_A(a)s2|Manufacturing industries and construction|Food processing, beverages and tobacco|Gaseous fuels|CH4;;;;;;
Table1_A(a)s2|Manufacturing industries and construction|Food processing, beverages and tobacco|Gaseous fuels|CO2;;;;;;
Table1_A(a)s2|Manufacturing industries and construction|Food processing, beverages and tobacco|Gaseous fuels|N2O;;;;;;
Table1_A(a)s2|Manufacturing industries and construction|Food processing, beverages and tobacco|Liquid fuels|CH4;;;;;;
Table1_A(a)s2|Manufacturing industries and construction|Food processing, beverages and tobacco|Liquid fuels|CO2;;;;;;
Table1_A(a)s2|Manufacturing industries and construction|Food processing, beverages and tobacco|Liquid fuels|N2O;;;;;;
Table1_A(a)s2|Manufacturing industries and construction|Food processing, beverages and tobacco|N2O;;;;;;
Table1_A(a)s2|Manufacturing industries and construction|Food processing, beverages and tobacco|Other fossil fuels|CH4;;;;;;
Table1_A(a)s2|Manufacturing industries and construction|Food processing, beverages and tobacco|Other fossil fuels|CO2;;;;;;
Table1_A(a)s2|Manufacturing industries and construction|Food processing, beverages and tobacco|Other fossil fuels|N2O;;;;;;
Table1_A(a)s2|Manufacturing industries and construction|Food processing, beverages and tobacco|Peat|CH4;;;;;;
Table1_A(a)s2|Manufacturing industries and construction|Food processing, beverages and tobacco|Peat|CO2;;;;;;
Table1_A(a)s2|Manufacturing industries and construction|Food processing, beverages and tobacco|Peat|N2O;;;;;;
Table1_A(a)s2|Manufacturing industries and construction|Food processing, beverages and tobacco|Solid fuels|CH4;;;;;;
Table1_A(a)s2|Manufacturing industries and construction|Food processing, beverages and tobacco|Solid fuels|CO2;;;;;;
Table1_A(a)s2|Manufacturing industries and construction|Food processing, beverages and tobacco|Solid fuels|N2O;;;;;;
Table1_A(a)s2|Manufacturing industries and construction|Gaseous fuels|CH4;;;;;;
Table1_A(a)s2|Manufacturing industries and construction|Gaseous fuels|CO2;;;;;;
Table1_A(a)s2|Manufacturing industries and construction|Gaseous fuels|N2O;;;;;;
Table1_A(a)s2|Manufacturing industries and construction|Iron and steel|Biomass|CH4;;;;;;
Table1_A(a)s2|Manufacturing industries and construction|Iron and steel|Biomass|CO2;;;;;;
Table1_A(a)s2|Manufacturing industries and construction|Iron and steel|Biomass|N2O;;;;;;
Table1_A(a)s2|Manufacturing industries and construction|Iron and steel|CH4;;;;;;
Table1_A(a)s2|Manufacturing industries and construction|Iron and steel|CO2;;;;;;
Table1_A(a)s2|Manufacturing industries and construction|Iron and steel|Gaseous fuels|CH4;;;;;;
Table1_A(a)s2|Manufacturing industries and construction|Iron and steel|Gaseous fuels|CO2;;;;;;
Table1_A(a)s2|Manufacturing industries and construction|Iron and steel|Gaseous fuels|N2O;;;;;;
Table1_A(a)s2|Manufacturing industries and construction|Iron and steel|Liquid fuels|CH4;;;;;;
Table1_A(a)s2|Manufacturing industries and construction|Iron and steel|Liquid fuels|CO2;;;;;;
Table1_A(a)s2|Manufacturing industries and construction|Iron and steel|Liquid fuels|N2O;;;;;;
Table1_A(a)s2|Manufacturing industries and construction|Iron and steel|N2O;;;;;;
Table1_A(a)s2|Manufacturing industries and construction|Iron and steel|Other fossil fuels|CH4;;;;;;
Table1_A(a)s2|Manufacturing industries and construction|Iron and steel|Other fossil fuels|CO2;;;;;;
Table1_A(a)s2|Manufacturing industries and construction|Iron and steel|Other fossil fuels|N2O;;;;;;
Table1_A(a)s2|Manufacturing industries and construction|Iron and steel|Peat|CH4;;;;;;
Table1_A(a)s2|Manufacturing industries and construction|Iron and steel|Peat|CO2;;;;;;
Table1_A(a)s2|Manufacturing industries and construction|Iron and steel|Peat|N2O;;;;;;
Table1_A(a)s2|Manufacturing industries and construction|Iron and steel|Solid fuels|CH4;;;;;;
Table1_A(a)s2|Manufacturing industries and construction|Iron and steel|Solid fuels|CO2;;;;;;
Table1_A(a)s2|Manufacturing industries and construction|Iron and steel|Solid fuels|N2O;;;;;;
Table1_A(a)s2|Manufacturing industries and construction|Liquid fuels|CH4;;;;;;
Table1_A(a)s2|Manufacturing industries and construction|Liquid fuels|CO2;;;;;;
Table1_A(a)s2|Manufacturing industries and construction|Liquid fuels|N2O;;;;;;
Table1_A(a)s2|Manufacturing industries and construction|N2O;;;;;;
Table1_A(a)s2|Manufacturing industries and construction|Non-ferrous metals|Biomass|CH4;;;;;;
Table1_A(a)s2|Manufacturing industries and construction|Non-ferrous metals|Biomass|CO2;;;;;;
Table1_A(a)s2|Manufacturing industries and construction|Non-ferrous metals|Biomass|N2O;;;;;;
Table1_A(a)s2|Manufacturing industries and construction|Non-ferrous metals|CH4;;;;;;
Table1_A(a)s2|Manufacturing industries and construction|Non-ferrous metals|CO2;;;;;;
Table1_A(a)s2|Manufacturing industries and construction|Non-ferrous metals|Gaseous fuels|CH4;;;;;;
Table1_A(a)s2|Manufacturing industries and construction|Non-ferrous metals|Gaseous fuels|CO2;;;;;;
Table1_A(a)s2|Manufacturing industries and construction|Non-ferrous metals|Gaseous fuels|N2O;;;;;;
Table1_A(a)s2|Manufacturing industries and construction|Non-ferrous metals|Liquid fuels|CH4;;;;;;
Table1_A(a)s2|Manufacturing industries and construction|Non-ferrous metals|Liquid fuels|CO2;;;;;;
Table1_A(a)s2|Manufacturing industries and construction|Non-ferrous metals|Liquid fuels|N2O;;;;;;
Table1_A(a)s2|Manufacturing industries and construction|Non-ferrous metals|N2O;;;;;;
Table1_A(a)s2|Manufacturing industries and construction|Non-ferrous metals|Other fossil fuels|CH4;;;;;;
Table1_A(a)s2|Manufacturing industries and construction|Non-ferrous metals|Other fossil fuels|CO2;;;;;;
Table1_A(a)s2|Manufacturing industries and construction|Non-ferrous metals|Other fossil fuels|N2O;;;;;;
Table1_A(a)s2|Manufacturing industries and construction|Non-ferrous metals|Peat|CH4;;;;;;
Table1_A(a)s2|Manufacturing industries and construction|Non-ferrous metals|Peat|CO2;;;;;;
Table1_A(a)s2|Manufacturing industries and construction|Non-ferrous metals|Peat|N2O;;;;;;
Table1_A(a)s2|Manufacturing industries and construction|Non-ferrous metals|Solid fuels|CH4;;;;;;
Table1_A(a)s2|Manufacturing industries and construction|Non-ferrous metals|Solid fuels|CO2;;;;;;
Table1_A(a)s2|Manufacturing industries and construction|Non-ferrous metals|Solid fuels|N2O;;;;;;
Table1_A(a)s2|Manufacturing industries and construction|Non-metallic minerals|Biomass|CH4;;;;;;
Table1_A(a)s2|Manufacturing industries and construction|Non-metallic minerals|Biomass|CO2;;;;;;
Table1_A(a)s2|Manufacturing industries and construction|Non-metallic minerals|Biomass|N2O;;;;;;
Table1_A(a)s2|Manufacturing industries and construction|Non-metallic minerals|CH4;;;;;;
Table1_A(a)s2|Manufacturing industries and construction|Non-metallic minerals|CO2;;;;;;
Table1_A(a)s2|Manufacturing industries and construction|Non-metallic minerals|Gaseous fuels|CH4;;;;;;
Table1_A(a)s2|Manufacturing industries and construction|Non-metallic minerals|Gaseous fuels|CO2;;;;;;
Table1_A(a)s2|Manufacturing industries and construction|Non-metallic minerals|Gaseous fuels|N2O;;;;;;
Table1_A(a)s2|Manufacturing industries and construction|Non-metallic minerals|Liquid fuels|CH4;;;;;;
Table1_A(a)s2|Manufacturing industries and construction|Non-metallic minerals|Liquid fuels|CO2;;;;;;
Table1_A(a)s2|Manufacturing industries and construction|Non-metallic minerals|Liquid fuels|N2O;;;;;;
Table1_A(a)s2|Manufacturing industries and construction|Non-metallic minerals|N2O;;;;;;
Table1_A(a)s2|Manufacturing industries and construction|Non-metallic minerals|Other fossil fuels|CH4;;;;;;
Table1_A(a)s2|Manufacturing industries and construction|Non-metallic minerals|Other fossil fuels|CO2;;;;;;
Table1_A(a)s2|Manufacturing industries and construction|Non-metallic minerals|Other fossil fuels|N2O;;;;;;
Table1_A(a)s2|Manufacturing industries and construction|Non-metallic minerals|Peat|CH4;;;;;;
Table1_A(a)s2|Manufacturing industries and construction|Non-metallic minerals|Peat|CO2;;;;;;
Table1_A(a)s2|Manufacturing industries and construction|Non-metallic minerals|Peat|N2O;;;;;;
Table1_A(a)s2|Manufacturing industries and construction|Non-metallic minerals|Solid fuels|CH4;;;;;;
Table1_A(a)s2|Manufacturing industries and construction|Non-metallic minerals|Solid fuels|CO2;;;;;;
Table1_A(a)s2|Manufacturing industries and construction|Non-metallic minerals|Solid fuels|N2O;;;;;;
Table1_A(a)s2|Manufacturing industries and construction|Other fossil fuels|CH4;;;;;;
Table1_A(a)s2|Manufacturing industries and construction|Other fossil fuels|CO2;;;;;;
Table1_A(a)s2|Manufacturing industries and construction|Other fossil fuels|N2O;;;;;;
Table1_A(a)s2|Manufacturing industries and construction|Other|CH4;;;;;;
Table1_A(a)s2|Manufacturing industries and construction|Other|CO2;;;;;;
Table1_A(a)s2|Manufacturing industries and construction|Other|N2O;;;;;;
Table1_A(a)s2|Manufacturing industries and construction|Other|Off-road vehicles and other machinery|Biomass|CH4;;;;;;
Table1_A(a)s2|Manufacturing industries and construction|Other|Off-road vehicles and other machinery|Biomass|CO2;;;;;;
Table1_A(a)s2|Manufacturing industries and construction|Other|Off-road vehicles and other machinery|Biomass|N2O;;;;;;
Table1_A(a)s2|Manufacturing industries and construction|Other|Off-road vehicles and other machinery|CH4;;;;;;
Table1_A(a)s2|Manufacturing industries and construction|Other|Off-road vehicles and other machinery|CO2;;;;;;
Table1_A(a)s2|Manufacturing industries and construction|Other|Off-road vehicles and other machinery|Gaseous Fuels|CH4;;;;;;
Table1_A(a)s2|Manufacturing industries and construction|Other|Off-road vehicles and other machinery|Gaseous Fuels|CO2;;;;;;
Table1_A(a)s2|Manufacturing industries and construction|Other|Off-road vehicles and other machinery|Gaseous Fuels|N2O;;;;;;
Table1_A(a)s2|Manufacturing industries and construction|Other|Off-road vehicles and other machinery|Liquid Fuels|CH4;;;;;;
Table1_A(a)s2|Manufacturing industries and construction|Other|Off-road vehicles and other machinery|Liquid Fuels|CO2;;;;;;
Table1_A(a)s2|Manufacturing industries and construction|Other|Off-road vehicles and other machinery|Liquid Fuels|N2O;;;;;;
Table1_A(a)s2|Manufacturing industries and construction|Other|Off-road vehicles and other machinery|N2O;;;;;;
Table1_A(a)s2|Manufacturing industries and construction|Other|Off-road vehicles and other machinery|Other Fossil Fuels|CH4;;;;;;
Table1_A(a)s2|Manufacturing industries and construction|Other|Off-road vehicles and other machinery|Other Fossil Fuels|CO2;;;;;;
Table1_A(a)s2|Manufacturing industries and construction|Other|Off-road vehicles and other machinery|Other Fossil Fuels|N2O;;;;;;
Table1_A(a)s2|Manufacturing industries and construction|Other|Other|CH4;;;;;;
Table1_A(a)s2|Manufacturing industries and construction|Other|Other|CO2;;;;;;
Table1_A(a)s2|Manufacturing industries and construction|Other|Other|N2O;;;;;;
Table1_A(a)s2|Manufacturing industries and construction|Peat|CH4;;;;;;
Table1_A(a)s2|Manufacturing industries and construction|Peat|CO2;;;;;;
Table1_A(a)s2|Manufacturing industries and construction|Peat|N2O;;;;;;
Table1_A(a)s2|Manufacturing industries and construction|Pulp, paper and print|Biomass|CH4;;;;;;
Table1_A(a)s2|Manufacturing industries and construction|Pulp, paper and print|Biomass|CO2;;;;;;
Table1_A(a)s2|Manufacturing industries and construction|Pulp, paper and print|Biomass|N2O;;;;;;
Table1_A(a)s2|Manufacturing industries and construction|Pulp, paper and print|CH4;;;;;;
Table1_A(a)s2|Manufacturing industries and construction|Pulp, paper and print|CO2;;;;;;
Table1_A(a)s2|Manufacturing industries and construction|Pulp, paper and print|Gaseous fuels|CH4;;;;;;
Table1_A(a)s2|Manufacturing industries and construction|Pulp, paper and print|Gaseous fuels|CO2;;;;;;
Table1_A(a)s2|Manufacturing industries and construction|Pulp, paper and print|Gaseous fuels|N2O;;;;;;
Table1_A(a)s2|Manufacturing industries and construction|Pulp, paper and print|Liquid fuels|CH4;;;;;;
Table1_A(a)s2|Manufacturing industries and construction|Pulp, paper and print|Liquid fuels|CO2;;;;;;
Table1_A(a)s2|Manufacturing industries and construction|Pulp, paper and print|Liquid fuels|N2O;;;;;;
Table1_A(a)s2|Manufacturing industries and construction|Pulp, paper and print|N2O;;;;;;
Table1_A(a)s2|Manufacturing industries and construction|Pulp, paper and print|Other fossil fuels|CH4;;;;;;
Table1_A(a)s2|Manufacturing industries and construction|Pulp, paper and print|Other fossil fuels|CO2;;;;;;
Table1_A(a)s2|Manufacturing industries and construction|Pulp, paper and print|Other fossil fuels|N2O;;;;;;
Table1_A(a)s2|Manufacturing industries and construction|Pulp, paper and print|Peat|CH4;;;;;;
Table1_A(a)s2|Manufacturing industries and construction|Pulp, paper and print|Peat|CO2;;;;;;
Table1_A(a)s2|Manufacturing industries and construction|Pulp, paper and print|Peat|N2O;;;;;;
Table1_A(a)s2|Manufacturing industries and construction|Pulp, paper and print|Solid fuels|CH4;;;;;;
Table1_A(a)s2|Manufacturing industries and construction|Pulp, paper and print|Solid fuels|CO2;;;;;;
Table1_A(a)s2|Manufacturing industries and construction|Pulp, paper and print|Solid fuels|N2O;;;;;;
Table1_A(a)s2|Manufacturing industries and construction|Solid fuels|CH4;;;;;;
Table1_A(a)s2|Manufacturing industries and construction|Solid fuels|CO2;;;;;;
Table1_A(a)s2|Manufacturing industries and construction|Solid fuels|N2O;;;;;;
Table1_A(b)|Fuel Types|Biomass total|CO2;;;;;;
Table1_A(b)|Fuel Types|Gas biomass|CO2;;;;;;
Table1_A(b)|Fuel Types|Gaseous fossil totals|CO2;;;;;;
Table1_A(b)|Fuel Types|Gaseous fossil|Natural gas (dry)|CO2;;;;;;
Table1_A(b)|Fuel Types|Liquid biomass|CO2;;;;;;
Table1_A(b)|Fuel Types|Liquid fossil totals|CO2;;;;;;
Table1_A(b)|Fuel Types|Liquid fossil|Primary fuels|Crude oil|CO2;;;;;;
Table1_A(b)|Fuel Types|Liquid fossil|Primary fuels|Natural gas liquids|CO2;;;;;;
Table1_A(b)|Fuel Types|Liquid fossil|Primary fuels|Orimulsion|CO2;;;;;;
Table1_A(b)|Fuel Types|Liquid fossil|Secondary fuels|Bitumen|CO2;;;;;;
Table1_A(b)|Fuel Types|Liquid fossil|Secondary fuels|Ethane|CO2;;;;;;
Table1_A(b)|Fuel Types|Liquid fossil|Secondary fuels|Gas/diesel oil|CO2;;;;;;
Table1_A(b)|Fuel Types|Liquid fossil|Secondary fuels|Gasoline|CO2;;;;;;
Table1_A(b)|Fuel Types|Liquid fossil|Secondary fuels|Jet kerosene|CO2;;;;;;
Table1_A(b)|Fuel Types|Liquid fossil|Secondary fuels|Liquefied petroleum gases (LPG)|CO2;;;;;;
Table1_A(b)|Fuel Types|Liquid fossil|Secondary fuels|Lubricants|CO2;;;;;;
Table1_A(b)|Fuel Types|Liquid fossil|Secondary fuels|Naphtha|CO2;;;;;;
Table1_A(b)|Fuel Types|Liquid fossil|Secondary fuels|Other kerosene|CO2;;;;;;
Table1_A(b)|Fuel Types|Liquid fossil|Secondary fuels|Other oil|CO2;;;;;;
Table1_A(b)|Fuel Types|Liquid fossil|Secondary fuels|Petroleum coke|CO2;;;;;;
Table1_A(b)|Fuel Types|Liquid fossil|Secondary fuels|Refinery feedstocks|CO2;;;;;;
Table1_A(b)|Fuel Types|Liquid fossil|Secondary fuels|Residual fuel oil|CO2;;;;;;
Table1_A(b)|Fuel Types|Liquid fossil|Secondary fuels|Shale oil|CO2;;;;;;
Table1_A(b)|Fuel Types|Other fossil fuels|CO2;;;;;;
Table1_A(b)|Fuel Types|Other gaseous fossil|CO2;;;;;;
Table1_A(b)|Fuel Types|Other liquid fossil|CO2;;;;;;
Table1_A(b)|Fuel Types|Other non-fossil fuels (biogenic waste)|CO2;;;;;;
Table1_A(b)|Fuel Types|Other solid fossil|CO2;;;;;;
Table1_A(b)|Fuel Types|Peat|CO2;;;;;;
Table1_A(b)|Fuel Types|Primary fuels|Anthracite|CO2;;;;;;
Table1_A(b)|Fuel Types|Primary fuels|Coking coal|CO2;;;;;;
Table1_A(b)|Fuel Types|Primary fuels|Other bituminous coal|CO2;;;;;;
Table1_A(b)|Fuel Types|Secondary fuels|BKB and patent fuel|CO2;;;;;;
Table1_A(b)|Fuel Types|Secondary fuels|Coal tar|CO2;;;;;;
Table1_A(b)|Fuel Types|Secondary fuels|Coke oven/gas coke|CO2;;;;;;
Table1_A(b)|Fuel Types|Secondary fuels|Lignite|CO2;;;;;;
Table1_A(b)|Fuel Types|Secondary fuels|Oil shale and tar sand|CO2;;;;;;
Table1_A(b)|Fuel Types|Secondary fuels|Sub-bituminous coal|CO2;;;;;;
Table1_A(b)|Fuel Types|Solid biomass|CO2;;;;;;
Table1_A(b)|Fuel Types|Solid fossil totals|CO2;;;;;;
Table1_A(b)|Fuel Types|Total|CO2;;;;;;
Table1_A(b)|Fuel Types|Waste (non-biomass fraction)|CO2;;;;;;
Table1_A(b)|Fuel Types|Waste|CO2;;;;;;
Table1s1|Total Energy|CH4;kt CH4;1;0.001;Mt CH4/yr;Emi|CH4|w/o Bunkers|Energy;
Table1s1|Total Energy|CO;;;;;;
Table1s1|Total Energy|CO2;kt CO2;1;0.001;Mt CO2/yr;Emi|CO2|w/o Bunkers|Energy;
Table1s1|Total Energy|Fuel combustion activities|CH4;;;;;;
Table1s1|Total Energy|Fuel combustion activities|CO;;;;;;
Table1s1|Total Energy|Fuel combustion activities|CO2;;;;;;
Table1s1|Total Energy|Fuel combustion activities|Energy industries|CH4;kt CH4;1;0.001;Mt CH4/yr;Emi|CH4|Energy|Supply;
Table1s1|Total Energy|Fuel combustion activities|Energy industries|CO;;;;;;
Table1s1|Total Energy|Fuel combustion activities|Energy industries|CO2;kt CO2;1;0.001;Mt CO2/yr;Emi|CO2|Energy|Supply;
Table1s1|Total Energy|Fuel combustion activities|Energy industries|Manufacture of solid fuels and other energy industries|CH4;kt CH4;1;0.001;Mt CH4/yr;Emi|CH4|Energy|Supply|Solids;
Table1s1|Total Energy|Fuel combustion activities|Energy industries|Manufacture of solid fuels and other energy industries|CO;;;;;;
Table1s1|Total Energy|Fuel combustion activities|Energy industries|Manufacture of solid fuels and other energy industries|CO2;kt CO2;1;0.001;Mt CO2/yr;Emi|CO2|Energy|Supply|Solids w/ couple prod;
Table1s1|Total Energy|Fuel combustion activities|Energy industries|Manufacture of solid fuels and other energy industries|N2O;kt N2O;1;1;kt N2O/yr;Emi|N2O|Energy|Supply|Solids;
Table1s1|Total Energy|Fuel combustion activities|Energy industries|Manufacture of solid fuels and other energy industries|NMVOC;;;;;;
Table1s1|Total Energy|Fuel combustion activities|Energy industries|Manufacture of solid fuels and other energy industries|NOX;;;;;;
Table1s1|Total Energy|Fuel combustion activities|Energy industries|Manufacture of solid fuels and other energy industries|SO2;;;;;;
Table1s1|Total Energy|Fuel combustion activities|Energy industries|N2O;kt N2O;1;1;kt N2O/yr;Emi|N2O|Energy|Supply;
Table1s1|Total Energy|Fuel combustion activities|Energy industries|NMVOC;;;;;;
Table1s1|Total Energy|Fuel combustion activities|Energy industries|NOX;;;;;;
Table1s1|Total Energy|Fuel combustion activities|Energy industries|Petroleum refining|CH4;kt CH4;1;0.001;Mt CH4/yr;Emi|CH4|Energy|Supply|Liquids;
Table1s1|Total Energy|Fuel combustion activities|Energy industries|Petroleum refining|CO;;;;;;
Table1s1|Total Energy|Fuel combustion activities|Energy industries|Petroleum refining|CO2;kt CO2;1;0.001;Mt CO2/yr;Emi|CO2|Energy|Supply|Liquids w/ couple prod;
Table1s1|Total Energy|Fuel combustion activities|Energy industries|Petroleum refining|N2O;kt N2O;1;1;kt N2O/yr;Emi|N2O|Energy|Supply|Liquids;
Table1s1|Total Energy|Fuel combustion activities|Energy industries|Petroleum refining|NMVOC;;;;;;
Table1s1|Total Energy|Fuel combustion activities|Energy industries|Petroleum refining|NOX;;;;;;
Table1s1|Total Energy|Fuel combustion activities|Energy industries|Petroleum refining|SO2;;;;;;
Table1s1|Total Energy|Fuel combustion activities|Energy industries|Public electricity and heat production|CH4;kt CH4;1;0.001;Mt CH4/yr;Emi|CH4|Energy|Supply|Electricity and Heat;
Table1s1|Total Energy|Fuel combustion activities|Energy industries|Public electricity and heat production|CO;;;;;;
Table1s1|Total Energy|Fuel combustion activities|Energy industries|Public electricity and heat production|CO2;kt CO2;1;0.001;Mt CO2/yr;Emi|CO2|Energy|Supply|Electricity and Heat;
Table1s1|Total Energy|Fuel combustion activities|Energy industries|Public electricity and heat production|N2O;kt N2O;1;1;kt N2O/yr;Emi|N2O|Energy|Supply|Electricity and Heat;
Table1s1|Total Energy|Fuel combustion activities|Energy industries|Public electricity and heat production|NMVOC;;;;;;
Table1s1|Total Energy|Fuel combustion activities|Energy industries|Public electricity and heat production|NOX;;;;;;
Table1s1|Total Energy|Fuel combustion activities|Energy industries|Public electricity and heat production|SO2;;;;;;
Table1s1|Total Energy|Fuel combustion activities|Energy industries|SO2;;;;;;
Table1s1|Total Energy|Fuel combustion activities|Manufacturing industries and construction|CH4;kt CH4;1;0.001;Mt CH4/yr;Emi|CH4|Energy|Demand|Industry;
Table1s1|Total Energy|Fuel combustion activities|Manufacturing industries and construction|Chemicals|CH4;kt CH4;1;0.001;Mt CH4/yr;Emi|CH4|Energy|Demand|Industry|Chemicals;
Table1s1|Total Energy|Fuel combustion activities|Manufacturing industries and construction|Chemicals|CO;;;;;;
Table1s1|Total Energy|Fuel combustion activities|Manufacturing industries and construction|Chemicals|CO2;kt CO2;1;0.001;Mt CO2/yr;Emi|CO2|Energy|Demand|Industry|Chemicals;
Table1s1|Total Energy|Fuel combustion activities|Manufacturing industries and construction|Chemicals|N2O;kt N2O;1;1;kt N2O/yr;Emi|N2O|Energy|Demand|Industry|Chemicals;
Table1s1|Total Energy|Fuel combustion activities|Manufacturing industries and construction|Chemicals|NMVOC;;;;;;
Table1s1|Total Energy|Fuel combustion activities|Manufacturing industries and construction|Chemicals|NOX;;;;;;
Table1s1|Total Energy|Fuel combustion activities|Manufacturing industries and construction|Chemicals|SO2;;;;;;
Table1s1|Total Energy|Fuel combustion activities|Manufacturing industries and construction|CO;;;;;;
Table1s1|Total Energy|Fuel combustion activities|Manufacturing industries and construction|CO2;kt CO2;1;0.001;Mt CO2/yr;Emi|CO2|Energy|Demand|Industry;
Table1s1|Total Energy|Fuel combustion activities|Manufacturing industries and construction|Food processing, beverages and tobacco|CH4;kt CH4;1;0.001;Mt CH4/yr;Emi|CH4|Energy|Demand|Industry|Other Industry;
Table1s1|Total Energy|Fuel combustion activities|Manufacturing industries and construction|Food processing, beverages and tobacco|CO;;;;;;
Table1s1|Total Energy|Fuel combustion activities|Manufacturing industries and construction|Food processing, beverages and tobacco|CO2;kt CO2;1;0.001;Mt CO2/yr;Emi|CO2|Energy|Demand|Industry|Other Industry;
Table1s1|Total Energy|Fuel combustion activities|Manufacturing industries and construction|Food processing, beverages and tobacco|N2O;kt N2O;1;1;kt N2O/yr;Emi|N2O|Energy|Demand|Industry|Other Industry;
Table1s1|Total Energy|Fuel combustion activities|Manufacturing industries and construction|Food processing, beverages and tobacco|NMVOC;;;;;;
Table1s1|Total Energy|Fuel combustion activities|Manufacturing industries and construction|Food processing, beverages and tobacco|NOX;;;;;;
Table1s1|Total Energy|Fuel combustion activities|Manufacturing industries and construction|Food processing, beverages and tobacco|SO2;;;;;;
Table1s1|Total Energy|Fuel combustion activities|Manufacturing industries and construction|Iron and steel|CH4;kt CH4;1;0.001;Mt CH4/yr;Emi|CH4|Energy|Demand|Industry|Steel;
Table1s1|Total Energy|Fuel combustion activities|Manufacturing industries and construction|Iron and steel|CO;;;;;;
Table1s1|Total Energy|Fuel combustion activities|Manufacturing industries and construction|Iron and steel|CO2;kt CO2;1;0.001;Mt CO2/yr;Emi|CO2|Energy|Demand|Industry|Steel;
Table1s1|Total Energy|Fuel combustion activities|Manufacturing industries and construction|Iron and steel|N2O;kt N2O;1;1;kt N2O/yr;Emi|N2O|Energy|Demand|Industry|Steel;
Table1s1|Total Energy|Fuel combustion activities|Manufacturing industries and construction|Iron and steel|NMVOC;;;;;;
Table1s1|Total Energy|Fuel combustion activities|Manufacturing industries and construction|Iron and steel|NOX;;;;;;
Table1s1|Total Energy|Fuel combustion activities|Manufacturing industries and construction|Iron and steel|SO2;;;;;;
Table1s1|Total Energy|Fuel combustion activities|Manufacturing industries and construction|N2O;kt N2O;1;1;kt N2O/yr;Emi|N2O|Energy|Demand|Industry;
Table1s1|Total Energy|Fuel combustion activities|Manufacturing industries and construction|NMVOC;;;;;;
Table1s1|Total Energy|Fuel combustion activities|Manufacturing industries and construction|Non-ferrous metals|CH4;kt CH4;1;0.001;Mt CH4/yr;Emi|CH4|Energy|Demand|Industry|Other Industry;
Table1s1|Total Energy|Fuel combustion activities|Manufacturing industries and construction|Non-ferrous metals|CO;;;;;;
Table1s1|Total Energy|Fuel combustion activities|Manufacturing industries and construction|Non-ferrous metals|CO2;kt CO2;1;0.001;Mt CO2/yr;Emi|CO2|Energy|Demand|Industry|Other Industry;
Table1s1|Total Energy|Fuel combustion activities|Manufacturing industries and construction|Non-ferrous metals|N2O;kt N2O;1;1;kt N2O/yr;Emi|N2O|Energy|Demand|Industry|Other Industry;
Table1s1|Total Energy|Fuel combustion activities|Manufacturing industries and construction|Non-ferrous metals|NMVOC;;;;;;
Table1s1|Total Energy|Fuel combustion activities|Manufacturing industries and construction|Non-ferrous metals|NOX;;;;;;
Table1s1|Total Energy|Fuel combustion activities|Manufacturing industries and construction|Non-ferrous metals|SO2;;;;;;
Table1s1|Total Energy|Fuel combustion activities|Manufacturing industries and construction|Non-metallic minerals|CH4;kt CH4;1;0.001;Mt CH4/yr;Emi|CH4|Energy|Demand|Industry|Cement;"In REMIND ""cement"" refers to ""non-metallic minerals"" from IEA"
Table1s1|Total Energy|Fuel combustion activities|Manufacturing industries and construction|Non-metallic minerals|CO;;;;;;
Table1s1|Total Energy|Fuel combustion activities|Manufacturing industries and construction|Non-metallic minerals|CO2;kt CO2;1;0.001;Mt CO2/yr;Emi|CO2|Energy|Demand|Industry|Cement;
Table1s1|Total Energy|Fuel combustion activities|Manufacturing industries and construction|Non-metallic minerals|N2O;kt N2O;1;1;kt N2O/yr;Emi|N2O|Energy|Demand|Industry|Cement;
Table1s1|Total Energy|Fuel combustion activities|Manufacturing industries and construction|Non-metallic minerals|NMVOC;;;;;;
Table1s1|Total Energy|Fuel combustion activities|Manufacturing industries and construction|Non-metallic minerals|NOX;;;;;;
Table1s1|Total Energy|Fuel combustion activities|Manufacturing industries and construction|Non-metallic minerals|SO2;;;;;;
Table1s1|Total Energy|Fuel combustion activities|Manufacturing industries and construction|NOX;;;;;;
Table1s1|Total Energy|Fuel combustion activities|Manufacturing industries and construction|Other|CH4;kt CH4;1;0.001;Mt CH4/yr;Emi|CH4|Energy|Demand|Industry|Other Industry;
Table1s1|Total Energy|Fuel combustion activities|Manufacturing industries and construction|Other|CO;;;;;;
Table1s1|Total Energy|Fuel combustion activities|Manufacturing industries and construction|Other|CO2;kt CO2;1;0.001;Mt CO2/yr;Emi|CO2|Energy|Demand|Industry|Other Industry;
Table1s1|Total Energy|Fuel combustion activities|Manufacturing industries and construction|Other|N2O;kt N2O;1;1;kt N2O/yr;Emi|N2O|Energy|Demand|Industry|Other Industry;
Table1s1|Total Energy|Fuel combustion activities|Manufacturing industries and construction|Other|NMVOC;;;;;;
Table1s1|Total Energy|Fuel combustion activities|Manufacturing industries and construction|Other|NOX;;;;;;
Table1s1|Total Energy|Fuel combustion activities|Manufacturing industries and construction|Other|SO2;;;;;;
Table1s1|Total Energy|Fuel combustion activities|Manufacturing industries and construction|Pulp, paper and print|CH4;kt CH4;1;0.001;Mt CH4/yr;;
Table1s1|Total Energy|Fuel combustion activities|Manufacturing industries and construction|Pulp, paper and print|CO;;;;;;
Table1s1|Total Energy|Fuel combustion activities|Manufacturing industries and construction|Pulp, paper and print|CO2;kt CO2;1;0.001;Mt CO2/yr;;
Table1s1|Total Energy|Fuel combustion activities|Manufacturing industries and construction|Pulp, paper and print|N2O;kt N2O;1;1;kt N2O/yr;;
Table1s1|Total Energy|Fuel combustion activities|Manufacturing industries and construction|Pulp, paper and print|NMVOC;;;;;;
Table1s1|Total Energy|Fuel combustion activities|Manufacturing industries and construction|Pulp, paper and print|NOX;;;;;;
Table1s1|Total Energy|Fuel combustion activities|Manufacturing industries and construction|Pulp, paper and print|SO2;;;;;;
Table1s1|Total Energy|Fuel combustion activities|Manufacturing industries and construction|SO2;;;;;;
Table1s1|Total Energy|Fuel combustion activities|N2O;;;;;;
Table1s1|Total Energy|Fuel combustion activities|NMVOC;;;;;;
Table1s1|Total Energy|Fuel combustion activities|NOX;;;;;;
Table1s1|Total Energy|Fuel combustion activities|SO2;;;;;;
Table1s1|Total Energy|Fuel combustion activities|Transport|CH4;kt CH4;1;0.001;Mt CH4/yr;Emi|CH4|w/o Bunkers|Energy|Demand|Transport;
Table1s1|Total Energy|Fuel combustion activities|Transport|CO;;;;;;
Table1s1|Total Energy|Fuel combustion activities|Transport|CO2;kt CO2;1;0.001;Mt CO2/yr;Emi|CO2|w/o Bunkers|Energy|Demand|Transport;
Table1s1|Total Energy|Fuel combustion activities|Transport|Domestic aviation|CH4;;;;;;
Table1s1|Total Energy|Fuel combustion activities|Transport|Domestic aviation|CO;;;;;;
Table1s1|Total Energy|Fuel combustion activities|Transport|Domestic aviation|CO2;kt CO2;1;0.001;Mt CO2/yr;Emi|CO2|Transport|Pass|Aviation|Domestic|Demand;
Table1s1|Total Energy|Fuel combustion activities|Transport|Domestic aviation|N2O;;;;;;
Table1s1|Total Energy|Fuel combustion activities|Transport|Domestic aviation|NMVOC;;;;;;
Table1s1|Total Energy|Fuel combustion activities|Transport|Domestic aviation|NOX;;;;;;
Table1s1|Total Energy|Fuel combustion activities|Transport|Domestic aviation|SO2;;;;;;
Table1s1|Total Energy|Fuel combustion activities|Transport|Domestic navigation|CH4;;;;;;
Table1s1|Total Energy|Fuel combustion activities|Transport|Domestic navigation|CO;;;;;;
Table1s1|Total Energy|Fuel combustion activities|Transport|Domestic navigation|CO2;kt CO2;1;0.001;Mt CO2/yr;Emi|CO2|Transport|Freight|Navigation|Demand;
Table1s1|Total Energy|Fuel combustion activities|Transport|Domestic navigation|N2O;;;;;;
Table1s1|Total Energy|Fuel combustion activities|Transport|Domestic navigation|NMVOC;;;;;;
Table1s1|Total Energy|Fuel combustion activities|Transport|Domestic navigation|NOX;;;;;;
Table1s1|Total Energy|Fuel combustion activities|Transport|Domestic navigation|SO2;;;;;;
Table1s1|Total Energy|Fuel combustion activities|Transport|N2O;kt N2O;1;1;kt N2O/yr;Emi|N2O|w/o Bunkers|Energy|Demand|Transport;
Table1s1|Total Energy|Fuel combustion activities|Transport|NMVOC;;;;;;
Table1s1|Total Energy|Fuel combustion activities|Transport|NOX;;;;;;
Table1s1|Total Energy|Fuel combustion activities|Transport|Other transportation|CH4;;;;;;
Table1s1|Total Energy|Fuel combustion activities|Transport|Other transportation|CO;;;;;;
Table1s1|Total Energy|Fuel combustion activities|Transport|Other transportation|CO2;;;;;;
Table1s1|Total Energy|Fuel combustion activities|Transport|Other transportation|N2O;;;;;;
Table1s1|Total Energy|Fuel combustion activities|Transport|Other transportation|NMVOC;;;;;;
Table1s1|Total Energy|Fuel combustion activities|Transport|Other transportation|NOX;;;;;;
Table1s1|Total Energy|Fuel combustion activities|Transport|Other transportation|SO2;;;;;;
Table1s1|Total Energy|Fuel combustion activities|Transport|Railways|CH4;;;;;;
Table1s1|Total Energy|Fuel combustion activities|Transport|Railways|CO;;;;;;
Table1s1|Total Energy|Fuel combustion activities|Transport|Railways|CO2;kt CO2;1;0.001;Mt CO2/yr;Emi|CO2|Transport|Pass|Rail|Demand;
Table1s1|Total Energy|Fuel combustion activities|Transport|Railways|N2O;;;;;;
Table1s1|Total Energy|Fuel combustion activities|Transport|Railways|NMVOC;;;;;;
Table1s1|Total Energy|Fuel combustion activities|Transport|Railways|NOX;;;;;;
Table1s1|Total Energy|Fuel combustion activities|Transport|Railways|SO2;;;;;;
Table1s1|Total Energy|Fuel combustion activities|Transport|Road transportation|CH4;;;;;;
Table1s1|Total Energy|Fuel combustion activities|Transport|Road transportation|CO;;;;;;
Table1s1|Total Energy|Fuel combustion activities|Transport|Road transportation|CO2;kt CO2;1;0.001;Mt CO2/yr;Emi|CO2|Transport|Pass|Road|Demand;
Table1s1|Total Energy|Fuel combustion activities|Transport|Road transportation|N2O;;;;;;
Table1s1|Total Energy|Fuel combustion activities|Transport|Road transportation|NMVOC;;;;;;
Table1s1|Total Energy|Fuel combustion activities|Transport|Road transportation|NOX;;;;;;
Table1s1|Total Energy|Fuel combustion activities|Transport|Road transportation|SO2;;;;;;
Table1s1|Total Energy|Fuel combustion activities|Transport|SO2;;;;;;
Table1s1|Total Energy|N2O;kt N2O;1;1;kt N2O/yr;Emi|N2O|w/o Bunkers|Energy;
Table1s1|Total Energy|NMVOC;;;;;;
Table1s1|Total Energy|NOX;;;;;;
Table1s1|Total Energy|SO2;;;;;;
Table1s2|CO2 captured|CO2;kt CO2;1;0.001;Mt CO2/yr;Carbon Management|Carbon Sinks|Storage;"Not sure, I think following IPCC V2 section 2.3.4 guidelines, ""captured CO2"" only refers to CO2 which goes to storage. However, not as relevant yet as values 0/NA. "
Table1s2|CO2 captured|For domestic storage|CO2;;;;;;
Table1s2|CO2 emissions from biomass|CO2;;;;;;"Not sure whether ""fuel combustion"" also refers to sectors outside of IPCC sectors 1.A. For that reason, I only include the variables below starting with ""Total Energy|Fuel Combustion Activities|...""  as they obviously derive from the IPCC sector 1.A. "
Table1s2|International bunkers|Aviation|CH4;kt CH4;1;0.001;Mt CH4/yr;Emi|CH4|Transport|Pass|Aviation|International|Demand;
Table1s2|International bunkers|Aviation|CO;;;;;;
Table1s2|International bunkers|Aviation|CO2;kt CO2;1;0.001;Mt CO2/yr;Emi|CO2|Transport|Pass|Aviation|International|Demand;
Table1s2|International bunkers|Aviation|N2O;kt N2O;1;1;kt N2O/yr;Emi|N2O|Transport|Pass|Aviation|International|Demand;
Table1s2|International bunkers|Aviation|NMVOC;;;;;;
Table1s2|International bunkers|Aviation|NOX;;;;;;
Table1s2|International bunkers|Aviation|SO2;;;;;;
Table1s2|International bunkers|CH4;kt CH4;1;0.001;Mt CH4/yr;Emi|CH4|Energy|Demand|Transport|International Bunkers;
Table1s2|International bunkers|CO;;;;;;
Table1s2|International bunkers|CO2;kt CO2;1;0.001;Mt CO2/yr;Emi|CO2|Energy|Demand|Transport|International Bunkers;
Table1s2|International bunkers|N2O;kt N2O;1;1;kt N2O/yr;Emi|N2O|Energy|Demand|Transport|International Bunkers;
Table1s2|International bunkers|Navigation|CH4;kt CH4;1;0.001;Mt CH4/yr;Emi|CH4|Transport|Freight|International Shipping|Demand;
Table1s2|International bunkers|Navigation|CO;;;;;;
Table1s2|International bunkers|Navigation|CO2;kt CO2;1;0.001;Mt CO2/yr;Emi|CO2|Transport|Freight|International Shipping|Demand;
Table1s2|International bunkers|Navigation|N2O;kt N2O;1;1;kt N2O/yr;Emi|N2O|Transport|Freight|International Shipping|Demand;
Table1s2|International bunkers|Navigation|NMVOC;;;;;;
Table1s2|International bunkers|Navigation|NOX;;;;;;
Table1s2|International bunkers|Navigation|SO2;;;;;;
Table1s2|International bunkers|NMVOC;;;;;;
Table1s2|International bunkers|NOX;;;;;;
Table1s2|International bunkers|SO2;;;;;;
Table1s2|Multilateral operations|CH4;;;;;;
Table1s2|Multilateral operations|CO;;;;;;
Table1s2|Multilateral operations|CO2;;;;;;
Table1s2|Multilateral operations|N2O;;;;;;
Table1s2|Multilateral operations|NMVOC;;;;;;
Table1s2|Multilateral operations|NOX;;;;;;
Table1s2|Multilateral operations|SO2;;;;;;
Table1s2|Total Energy|Fuel combustion activities|Other sectors|Agriculture/forestry/fishing|CH4;kt CH4;1;0.001;Mt CH4/yr;Emi|CH4|Energy|Demand|Industry|Other Industry|AFOFI;in REMIND AFOFI belongs to the industry -> other industry sector
Table1s2|Total Energy|Fuel combustion activities|Other sectors|Agriculture/forestry/fishing|CO;;;;;;
Table1s2|Total Energy|Fuel combustion activities|Other sectors|Agriculture/forestry/fishing|CO2;kt CO2;1;0.001;Mt CO2/yr;Emi|CO2|Energy|Demand|Industry|Other Industry|AFOFI;in REMIND AFOFI belongs to the industry -> other industry sector
Table1s2|Total Energy|Fuel combustion activities|Other sectors|Agriculture/forestry/fishing|N2O;kt N2O;1;1;kt N2O/yr;Emi|N2O|Energy|Demand|Industry|Other Industry|AFOFI;in REMIND AFOFI belongs to the industry -> other industry sector
Table1s2|Total Energy|Fuel combustion activities|Other sectors|Agriculture/forestry/fishing|NMVOC;;;;;;
Table1s2|Total Energy|Fuel combustion activities|Other sectors|Agriculture/forestry/fishing|NOX;;;;;;
Table1s2|Total Energy|Fuel combustion activities|Other sectors|Agriculture/forestry/fishing|SO2;;;;;;
Table1s2|Total Energy|Fuel combustion activities|Other sectors|CH4;;;;;;
Table1s2|Total Energy|Fuel combustion activities|Other sectors|CO;;;;;;
Table1s2|Total Energy|Fuel combustion activities|Other sectors|CO2;;;;;;
Table1s2|Total Energy|Fuel combustion activities|Other sectors|Commercial/institutional|CH4;kt CH4;1;0.001;Mt CH4/yr;Emi|CH4|Energy|Demand|Buildings|Commercial;
Table1s2|Total Energy|Fuel combustion activities|Other sectors|Commercial/institutional|CH4;kt CH4;1;0.001;Mt CH4/yr;Emi|CH4|Energy|Demand|Buildings;
Table1s2|Total Energy|Fuel combustion activities|Other sectors|Commercial/institutional|CO;;;;;;
Table1s2|Total Energy|Fuel combustion activities|Other sectors|Commercial/institutional|CO2;kt CO2;1;0.001;Mt CO2/yr;Emi|CO2|Energy|Demand|Buildings|Commercial;
Table1s2|Total Energy|Fuel combustion activities|Other sectors|Commercial/institutional|CO2;kt CO2;1;0.001;Mt CO2/yr;Emi|CO2|Energy|Demand|Buildings;
Table1s2|Total Energy|Fuel combustion activities|Other sectors|Commercial/institutional|N2O;kt N2O;1;1;kt N2O/yr;Emi|N2O|Energy|Demand|Buildings|Commercial;
Table1s2|Total Energy|Fuel combustion activities|Other sectors|Commercial/institutional|N2O;kt N2O;1;1;kt N2O/yr;Emi|N2O|Energy|Demand|Buildings;
Table1s2|Total Energy|Fuel combustion activities|Other sectors|Commercial/institutional|NMVOC;;;;;;
Table1s2|Total Energy|Fuel combustion activities|Other sectors|Commercial/institutional|NOX;;;;;;
Table1s2|Total Energy|Fuel combustion activities|Other sectors|Commercial/institutional|SO2;;;;;;
Table1s2|Total Energy|Fuel combustion activities|Other sectors|N2O;;;;;;
Table1s2|Total Energy|Fuel combustion activities|Other sectors|NMVOC;;;;;;
Table1s2|Total Energy|Fuel combustion activities|Other sectors|NOX;;;;;;
Table1s2|Total Energy|Fuel combustion activities|Other sectors|Residential|CH4;kt CH4;1;0.001;Mt CH4/yr;Emi|CH4|Energy|Demand|Buildings|Residential;
Table1s2|Total Energy|Fuel combustion activities|Other sectors|Residential|CH4;kt CH4;1;0.001;Mt CH4/yr;Emi|CH4|Energy|Demand|Buildings;
Table1s2|Total Energy|Fuel combustion activities|Other sectors|Residential|CO;;;;;;
Table1s2|Total Energy|Fuel combustion activities|Other sectors|Residential|CO2;kt CO2;1;0.001;Mt CO2/yr;Emi|CO2|Energy|Demand|Buildings|Residential;
Table1s2|Total Energy|Fuel combustion activities|Other sectors|Residential|CO2;kt CO2;1;0.001;Mt CO2/yr;Emi|CO2|Energy|Demand|Buildings;
Table1s2|Total Energy|Fuel combustion activities|Other sectors|Residential|N2O;kt N2O;1;1;kt N2O/yr;Emi|N2O|Energy|Demand|Buildings|Residential;
Table1s2|Total Energy|Fuel combustion activities|Other sectors|Residential|N2O;kt N2O;1;1;kt N2O/yr;Emi|N2O|Energy|Demand|Buildings;
Table1s2|Total Energy|Fuel combustion activities|Other sectors|Residential|NMVOC;;;;;;
Table1s2|Total Energy|Fuel combustion activities|Other sectors|Residential|NOX;;;;;;
Table1s2|Total Energy|Fuel combustion activities|Other sectors|Residential|SO2;;;;;;
Table1s2|Total Energy|Fuel combustion activities|Other sectors|SO2;;;;;;
Table1s2|Total Energy|Fuel combustion activities|Other|CH4;;;;;;
Table1s2|Total Energy|Fuel combustion activities|Other|CO;;;;;;
Table1s2|Total Energy|Fuel combustion activities|Other|CO2;;;;;;
Table1s2|Total Energy|Fuel combustion activities|Other|Mobile|CH4;;;;;;
Table1s2|Total Energy|Fuel combustion activities|Other|Mobile|CO;;;;;;
Table1s2|Total Energy|Fuel combustion activities|Other|Mobile|CO2;;;;;;
Table1s2|Total Energy|Fuel combustion activities|Other|Mobile|N2O;;;;;;
Table1s2|Total Energy|Fuel combustion activities|Other|Mobile|NMVOC;;;;;;
Table1s2|Total Energy|Fuel combustion activities|Other|Mobile|NOX;;;;;;
Table1s2|Total Energy|Fuel combustion activities|Other|Mobile|SO2;;;;;;
Table1s2|Total Energy|Fuel combustion activities|Other|N2O;;;;;;
Table1s2|Total Energy|Fuel combustion activities|Other|NMVOC;;;;;;
Table1s2|Total Energy|Fuel combustion activities|Other|NOX;;;;;;
Table1s2|Total Energy|Fuel combustion activities|Other|SO2;;;;;;
Table1s2|Total Energy|Fuel combustion activities|Other|Stationary|CH4;;;;;;
Table1s2|Total Energy|Fuel combustion activities|Other|Stationary|CO;;;;;;
Table1s2|Total Energy|Fuel combustion activities|Other|Stationary|CO2;;;;;;
Table1s2|Total Energy|Fuel combustion activities|Other|Stationary|N2O;;;;;;
Table1s2|Total Energy|Fuel combustion activities|Other|Stationary|NMVOC;;;;;;
Table1s2|Total Energy|Fuel combustion activities|Other|Stationary|NOX;;;;;;
Table1s2|Total Energy|Fuel combustion activities|Other|Stationary|SO2;;;;;;
Table1s2|Total Energy|Fugitive emissions from fuels|CH4;kt CH4;1;0.001;Mt CH4/yr;Emi|CH4|Extraction;
Table1s2|Total Energy|Fugitive emissions from fuels|CO;;;;;;
Table1s2|Total Energy|Fugitive emissions from fuels|CO2;kt CO2;1;0.001;Mt CO2/yr;Emi|CO2|Extraction;
Table1s2|Total Energy|Fugitive emissions from fuels|CO2 Transport and storage|CO2;;;;;;
Table1s2|Total Energy|Fugitive emissions from fuels|CO2 Transport and storage|Injection and storage|CO2;;;;;;
Table1s2|Total Energy|Fugitive emissions from fuels|CO2 Transport and storage|Transport of CO2|CO2;;;;;;
Table1s2|Total Energy|Fugitive emissions from fuels|N2O;kt N2O;1;1;kt N2O/yr;Emi|N2O|Extraction;
Table1s2|Total Energy|Fugitive emissions from fuels|NMVOC;;;;;;
Table1s2|Total Energy|Fugitive emissions from fuels|NOX;;;;;;
Table1s2|Total Energy|Fugitive emissions from fuels|Oil and natural gas and other emissions from energy production|CH4;;;;;;
Table1s2|Total Energy|Fugitive emissions from fuels|Oil and natural gas and other emissions from energy production|CO;;;;;;
Table1s2|Total Energy|Fugitive emissions from fuels|Oil and natural gas and other emissions from energy production|CO2;;;;;;
Table1s2|Total Energy|Fugitive emissions from fuels|Oil and natural gas and other emissions from energy production|N2O;;;;;;
Table1s2|Total Energy|Fugitive emissions from fuels|Oil and natural gas and other emissions from energy production|Natural gas|CH4;;;;;;
Table1s2|Total Energy|Fugitive emissions from fuels|Oil and natural gas and other emissions from energy production|Natural gas|CO2;;;;;;
Table1s2|Total Energy|Fugitive emissions from fuels|Oil and natural gas and other emissions from energy production|Natural gas|NMVOC;;;;;;
Table1s2|Total Energy|Fugitive emissions from fuels|Oil and natural gas and other emissions from energy production|Natural gas|SO2;;;;;;
Table1s2|Total Energy|Fugitive emissions from fuels|Oil and natural gas and other emissions from energy production|NMVOC;;;;;;
Table1s2|Total Energy|Fugitive emissions from fuels|Oil and natural gas and other emissions from energy production|NOX;;;;;;
Table1s2|Total Energy|Fugitive emissions from fuels|Oil and natural gas and other emissions from energy production|Oil|CH4;;;;;;
Table1s2|Total Energy|Fugitive emissions from fuels|Oil and natural gas and other emissions from energy production|Oil|CO;;;;;;
Table1s2|Total Energy|Fugitive emissions from fuels|Oil and natural gas and other emissions from energy production|Oil|CO2;;;;;;
Table1s2|Total Energy|Fugitive emissions from fuels|Oil and natural gas and other emissions from energy production|Oil|N2O;;;;;;
Table1s2|Total Energy|Fugitive emissions from fuels|Oil and natural gas and other emissions from energy production|Oil|NMVOC;;;;;;
Table1s2|Total Energy|Fugitive emissions from fuels|Oil and natural gas and other emissions from energy production|Oil|NOX;;;;;;
Table1s2|Total Energy|Fugitive emissions from fuels|Oil and natural gas and other emissions from energy production|Oil|SO2;;;;;;
Table1s2|Total Energy|Fugitive emissions from fuels|Oil and natural gas and other emissions from energy production|Other|CH4;;;;;;
Table1s2|Total Energy|Fugitive emissions from fuels|Oil and natural gas and other emissions from energy production|Other|CO;;;;;;
Table1s2|Total Energy|Fugitive emissions from fuels|Oil and natural gas and other emissions from energy production|Other|CO2;;;;;;
Table1s2|Total Energy|Fugitive emissions from fuels|Oil and natural gas and other emissions from energy production|Other|N2O;;;;;;
Table1s2|Total Energy|Fugitive emissions from fuels|Oil and natural gas and other emissions from energy production|Other|NMVOC;;;;;;
Table1s2|Total Energy|Fugitive emissions from fuels|Oil and natural gas and other emissions from energy production|Other|NOX;;;;;;
Table1s2|Total Energy|Fugitive emissions from fuels|Oil and natural gas and other emissions from energy production|Other|SO2;;;;;;
Table1s2|Total Energy|Fugitive emissions from fuels|Oil and natural gas and other emissions from energy production|SO2;;;;;;
Table1s2|Total Energy|Fugitive emissions from fuels|Oil and natural gas and other emissions from energy production|Venting and flaring|CH4;;;;;;
Table1s2|Total Energy|Fugitive emissions from fuels|Oil and natural gas and other emissions from energy production|Venting and flaring|CO;;;;;;
Table1s2|Total Energy|Fugitive emissions from fuels|Oil and natural gas and other emissions from energy production|Venting and flaring|CO2;;;;;;
Table1s2|Total Energy|Fugitive emissions from fuels|Oil and natural gas and other emissions from energy production|Venting and flaring|N2O;;;;;;
Table1s2|Total Energy|Fugitive emissions from fuels|Oil and natural gas and other emissions from energy production|Venting and flaring|NMVOC;;;;;;
Table1s2|Total Energy|Fugitive emissions from fuels|Oil and natural gas and other emissions from energy production|Venting and flaring|NOX;;;;;;
Table1s2|Total Energy|Fugitive emissions from fuels|Oil and natural gas and other emissions from energy production|Venting and flaring|SO2;;;;;;
Table1s2|Total Energy|Fugitive emissions from fuels|SO2;;;;;;
Table1s2|Total Energy|Fugitive emissions from fuels|Solid fuels|CH4;;;;;;
Table1s2|Total Energy|Fugitive emissions from fuels|Solid fuels|CO;;;;;;
Table1s2|Total Energy|Fugitive emissions from fuels|Solid fuels|CO2;;;;;;
Table1s2|Total Energy|Fugitive emissions from fuels|Solid fuels|Coal mining and handling|CH4;;;;;;
Table1s2|Total Energy|Fugitive emissions from fuels|Solid fuels|Coal mining and handling|CO2;;;;;;
Table1s2|Total Energy|Fugitive emissions from fuels|Solid fuels|Coal mining and handling|NMVOC;;;;;;
Table1s2|Total Energy|Fugitive emissions from fuels|Solid fuels|N2O;;;;;;
Table1s2|Total Energy|Fugitive emissions from fuels|Solid fuels|NMVOC;;;;;;
Table1s2|Total Energy|Fugitive emissions from fuels|Solid fuels|NOX;;;;;;
Table1s2|Total Energy|Fugitive emissions from fuels|Solid fuels|Other|CH4;;;;;;
Table1s2|Total Energy|Fugitive emissions from fuels|Solid fuels|Other|CO;;;;;;
Table1s2|Total Energy|Fugitive emissions from fuels|Solid fuels|Other|CO2;;;;;;
Table1s2|Total Energy|Fugitive emissions from fuels|Solid fuels|Other|N2O;;;;;;
Table1s2|Total Energy|Fugitive emissions from fuels|Solid fuels|Other|NMVOC;;;;;;
Table1s2|Total Energy|Fugitive emissions from fuels|Solid fuels|Other|NOX;;;;;;
Table1s2|Total Energy|Fugitive emissions from fuels|Solid fuels|Other|SO2;;;;;;
Table1s2|Total Energy|Fugitive emissions from fuels|Solid fuels|SO2;;;;;;
Table1s2|Total Energy|Fugitive emissions from fuels|Solid fuels|Solid fuel transformation|CH4;;;;;;
Table1s2|Total Energy|Fugitive emissions from fuels|Solid fuels|Solid fuel transformation|CO;;;;;;
Table1s2|Total Energy|Fugitive emissions from fuels|Solid fuels|Solid fuel transformation|CO2;;;;;;
Table1s2|Total Energy|Fugitive emissions from fuels|Solid fuels|Solid fuel transformation|N2O;;;;;;
Table1s2|Total Energy|Fugitive emissions from fuels|Solid fuels|Solid fuel transformation|NMVOC;;;;;;
Table1s2|Total Energy|Fugitive emissions from fuels|Solid fuels|Solid fuel transformation|NOX;;;;;;
Table1s2|Total Energy|Fugitive emissions from fuels|Solid fuels|Solid fuel transformation|SO2;;;;;;
Table2(I)s1|Total industrial processes|CH4;kt CH4;1;0.001;Mt CH4/yr;Emi|CH4|Industrial Processes;
Table2(I)s1|Total industrial processes|Chemical industry|Adipic acid production|CO2;;;;;;
Table2(I)s1|Total industrial processes|Chemical industry|Adipic acid production|N2O;;;;;;
Table2(I)s1|Total industrial processes|Chemical industry|Ammonia production|CH4;;;;;;
Table2(I)s1|Total industrial processes|Chemical industry|Ammonia production|CO2;;;;;;
Table2(I)s1|Total industrial processes|Chemical industry|Ammonia production|N2O;;;;;;
Table2(I)s1|Total industrial processes|Chemical industry|Caprolactam, glyoxal and glyoxylic acid production|N2O;;;;;;
Table2(I)s1|Total industrial processes|Chemical industry|Carbide production|CH4;;;;;;
Table2(I)s1|Total industrial processes|Chemical industry|Carbide production|CO2;;;;;;
Table2(I)s1|Total industrial processes|Chemical industry|CH4;kt CH4;1;0.001;Mt CH4/yr;Emi|CH4|Industrial Processes|Chemicals;
Table2(I)s1|Total industrial processes|Chemical industry|CO2;kt CO2;1;0.001;Mt CO2/yr;Emi|CO2|Industrial Processes|Chemicals;
Table2(I)s1|Total industrial processes|Chemical industry|N2O;kt N2O;1;1;kt N2O/yr;Emi|N2O|Industrial Processes|Chemicals;
Table2(I)s1|Total industrial processes|Chemical industry|Nitric acid production|N2O;;;;;;
Table2(I)s1|Total industrial processes|Chemical industry|Other|CH4;;;;;;
Table2(I)s1|Total industrial processes|Chemical industry|Other|CO2;;;;;;
Table2(I)s1|Total industrial processes|Chemical industry|Other|N2O;;;;;;
Table2(I)s1|Total industrial processes|Chemical industry|Petrochemical and carbon black production|CH4;;;;;;
Table2(I)s1|Total industrial processes|Chemical industry|Petrochemical and carbon black production|CO2;;;;;;
Table2(I)s1|Total industrial processes|Chemical industry|Soda ash production|CO2;;;;;;
Table2(I)s1|Total industrial processes|Chemical industry|Titanium dioxide production|CO2;;;;;;
Table2(I)s1|Total industrial processes|CO2;kt CO2;1;0.001;Mt CO2/yr;Emi|CO2|Industrial Processes;
Table2(I)s1|Total industrial processes|Metal industry|Aluminium production|CO2;;;;;;
Table2(I)s1|Total industrial processes|Metal industry|CH4;kt CH4;1;0.001;Mt CH4/yr;Emi|CH4|Industrial Processes|Metals;
Table2(I)s1|Total industrial processes|Metal industry|CO2;kt CO2;1;0.001;Mt CO2/yr;Emi|CO2|Industrial Processes|Metals;
Table2(I)s1|Total industrial processes|Metal industry|Ferroalloys production|CH4;;;;;;
Table2(I)s1|Total industrial processes|Metal industry|Ferroalloys production|CO2;;;;;;
Table2(I)s1|Total industrial processes|Metal industry|Iron and steel production|CH4;;;;;;
Table2(I)s1|Total industrial processes|Metal industry|Iron and steel production|CO2;;;;;;
Table2(I)s1|Total industrial processes|Metal industry|Lead production|CO2;;;;;;
Table2(I)s1|Total industrial processes|Metal industry|Magnesium production|CO2;;;;;;
Table2(I)s1|Total industrial processes|Metal industry|N2O;kt N2O;1;1;kt N2O/yr;Emi|N2O|Industrial Processes|Metals;
Table2(I)s1|Total industrial processes|Metal industry|Other|CH4;;;;;;
Table2(I)s1|Total industrial processes|Metal industry|Other|CO2;;;;;;
Table2(I)s1|Total industrial processes|Metal industry|Other|N2O;;;;;;
Table2(I)s1|Total industrial processes|Metal industry|Zinc production|CO2;;;;;;
Table2(I)s1|Total industrial processes|Mineral industry|Cement production|CO2;;;;;;
Table2(I)s1|Total industrial processes|Mineral industry|CO2;kt CO2;1;0.001;Mt CO2/yr;Emi|CO2|Industrial Processes|Minerals;
Table2(I)s1|Total industrial processes|Mineral industry|Glass production|CO2;;;;;;
Table2(I)s1|Total industrial processes|Mineral industry|Lime production|CO2;;;;;;
Table2(I)s1|Total industrial processes|Mineral industry|Other process uses of carbonates|CO2;;;;;;
Table2(I)s1|Total industrial processes|N2O;kt N2O;1;1;kt N2O/yr;Emi|N2O|Industrial Processes;
Table2(I)s2|Total industrial processes|Non-energy products from fuels and solvent use|CH4;;;;;;
Table2(I)s2|Total industrial processes|Non-energy products from fuels and solvent use|CO2;;;;;;
Table2(I)s2|Total industrial processes|Non-energy products from fuels and solvent use|Lubricant use|CH4;;;;;;
Table2(I)s2|Total industrial processes|Non-energy products from fuels and solvent use|Lubricant use|CO2;;;;;;
Table2(I)s2|Total industrial processes|Non-energy products from fuels and solvent use|Lubricant use|N2O;;;;;;
Table2(I)s2|Total industrial processes|Non-energy products from fuels and solvent use|N2O;;;;;;
Table2(I)s2|Total industrial processes|Non-energy products from fuels and solvent use|Other|CH4;;;;;;
Table2(I)s2|Total industrial processes|Non-energy products from fuels and solvent use|Other|CO2;;;;;;
Table2(I)s2|Total industrial processes|Non-energy products from fuels and solvent use|Paraffin wax use|CH4;;;;;;
Table2(I)s2|Total industrial processes|Non-energy products from fuels and solvent use|Paraffin wax use|CO2;;;;;;
Table2(I)s2|Total industrial processes|Non-energy products from fuels and solvent use|Paraffin wax use|N2O;;;;;;
Table2(I)s2|Total industrial processes|Other product manufacture and use|CH4;;;;;;
Table2(I)s2|Total industrial processes|Other product manufacture and use|CO2;;;;;;
Table2(I)s2|Total industrial processes|Other product manufacture and use|N2O;;;;;;
Table2(I)s2|Total industrial processes|Other product manufacture and use|N2O from product uses|N2O;;;;;;
Table2(I)s2|Total industrial processes|Other product manufacture and use|Other|CH4;;;;;;
Table2(I)s2|Total industrial processes|Other product manufacture and use|Other|CO2;;;;;;
Table2(I)s2|Total industrial processes|Other product manufacture and use|Other|N2O;;;;;;
Table2(I)s2|Total industrial processes|Other|CH4;;;;;;
Table2(I)s2|Total industrial processes|Other|CO2;;;;;;
Table2(I)s2|Total industrial processes|Other|N2O;;;;;;
Table3s1|Total agriculture|CH4;kt CH4;1;0.001;Mt CH4/yr;Emi|CH4|Agriculture;
Table3s1|Total agriculture|CO2;kt CO2;1;0.001;Mt CO2/yr;Emi|CO2|Agriculture;
Table3s1|Total agriculture|Enteric fermentation|Cattle|CH4;;;;;;
Table3s1|Total agriculture|Enteric fermentation|Cattle|Dairy cattle|CH4;;;;;;
Table3s1|Total agriculture|Enteric fermentation|Cattle|Growing cattle|CH4;;;;;;
Table3s1|Total agriculture|Enteric fermentation|Cattle|Mature dairy cattle|CH4;;;;;;
Table3s1|Total agriculture|Enteric fermentation|Cattle|Non-dairy cattle|CH4;;;;;;
Table3s1|Total agriculture|Enteric fermentation|Cattle|Other mature cattle|CH4;;;;;;
Table3s1|Total agriculture|Enteric fermentation|Cattle|Other|CH4;;;;;;
Table3s1|Total agriculture|Enteric fermentation|CH4;kt CH4;1;0.001;Mt CH4/yr;Emi|CH4|Enteric Fermentation;
Table3s1|Total agriculture|Enteric fermentation|Other livestock|Buffalo|CH4;;;;;;
Table3s1|Total agriculture|Enteric fermentation|Other livestock|CH4;;;;;;
Table3s1|Total agriculture|Enteric fermentation|Other livestock|Deer|CH4;;;;;;
Table3s1|Total agriculture|Enteric fermentation|Other livestock|Fur-bearing Animals|CH4;;;;;;
Table3s1|Total agriculture|Enteric fermentation|Other livestock|Fur-bearing Animals|N2O;;;;;;
Table3s1|Total agriculture|Enteric fermentation|Other livestock|Goats|CH4;;;;;;
Table3s1|Total agriculture|Enteric fermentation|Other livestock|Horses|CH4;;;;;;
Table3s1|Total agriculture|Enteric fermentation|Other livestock|Horses|N2O;;;;;;
Table3s1|Total agriculture|Enteric fermentation|Other livestock|Mules and Asses|CH4;;;;;;
Table3s1|Total agriculture|Enteric fermentation|Other livestock|Mules and Asses|N2O;;;;;;
Table3s1|Total agriculture|Enteric fermentation|Other livestock|Ostrich|CH4;;;;;;
Table3s1|Total agriculture|Enteric fermentation|Other livestock|Ostrich|N2O;;;;;;
Table3s1|Total agriculture|Enteric fermentation|Other livestock|Other|CH4;;;;;;
Table3s1|Total agriculture|Enteric fermentation|Other livestock|Other|N2O;;;;;;
Table3s1|Total agriculture|Enteric fermentation|Other livestock|Poultry|CH4;;;;;;
Table3s1|Total agriculture|Enteric fermentation|Other livestock|Poultry|N2O;;;;;;
Table3s1|Total agriculture|Enteric fermentation|Other livestock|Rabbit|CH4;;;;;;
Table3s1|Total agriculture|Enteric fermentation|Other livestock|Rabbit|N2O;;;;;;
Table3s1|Total agriculture|Enteric fermentation|Sheep|CH4;;;;;;
Table3s1|Total agriculture|Enteric fermentation|Swine|CH4;;;;;;
Table3s1|Total agriculture|Livestock|CH4;kt CH4;1;0.001;Mt CH4/yr;Emi|CH4|Agriculture|Livestock;
Table3s1|Total agriculture|Livestock|N2O;kt N2O;1;1;kt N2O/yr;Emi|N2O|Agriculture|Livestock;
Table3s1|Total agriculture|Manure management|Cattle|CH4;;;;;;
Table3s1|Total agriculture|Manure management|Cattle|Dairy cattle|CH4;;;;;;
Table3s1|Total agriculture|Manure management|Cattle|Dairy cattle|N2O;;;;;;
Table3s1|Total agriculture|Manure management|Cattle|Growing cattle|CH4;;;;;;
Table3s1|Total agriculture|Manure management|Cattle|Growing cattle|N2O;;;;;;
Table3s1|Total agriculture|Manure management|Cattle|Mature dairy cattle|CH4;;;;;;
Table3s1|Total agriculture|Manure management|Cattle|Mature dairy cattle|N2O;;;;;;
Table3s1|Total agriculture|Manure management|Cattle|N2O;;;;;;
Table3s1|Total agriculture|Manure management|Cattle|Non-dairy cattle|CH4;;;;;;
Table3s1|Total agriculture|Manure management|Cattle|Non-dairy cattle|N2O;;;;;;
Table3s1|Total agriculture|Manure management|Cattle|Other mature cattle|CH4;;;;;;
Table3s1|Total agriculture|Manure management|Cattle|Other mature cattle|N2O;;;;;;
Table3s1|Total agriculture|Manure management|Cattle|Other|CH4;;;;;;
Table3s1|Total agriculture|Manure management|Cattle|Other|N2O;;;;;;
Table3s1|Total agriculture|Manure management|CH4;kt CH4;1;0.001;Mt CH4/yr;Emi|CH4|Agriculture|Manure Management;
Table3s1|Total agriculture|Manure management|Indirect N2O emissions|CH4;;;;;;
Table3s1|Total agriculture|Manure management|Indirect N2O emissions|N2O;;;;;;
Table3s1|Total agriculture|Manure management|N2O;kt N2O;1;1;kt N2O/yr;Emi|N2O|Agriculture|Manure Management;
Table3s1|Total agriculture|Manure management|Other livestock|Buffalo|CH4;;;;;;
Table3s1|Total agriculture|Manure management|Other livestock|Buffalo|N2O;;;;;;
Table3s1|Total agriculture|Manure management|Other livestock|CH4;;;;;;
Table3s1|Total agriculture|Manure management|Other livestock|Deer|CH4;;;;;;
Table3s1|Total agriculture|Manure management|Other livestock|Deer|N2O;;;;;;
Table3s1|Total agriculture|Manure management|Other livestock|Fur-bearing Animals|CH4;;;;;;
Table3s1|Total agriculture|Manure management|Other livestock|Fur-bearing Animals|N2O;;;;;;
Table3s1|Total agriculture|Manure management|Other livestock|Goats|CH4;;;;;;
Table3s1|Total agriculture|Manure management|Other livestock|Goats|N2O;;;;;;
Table3s1|Total agriculture|Manure management|Other livestock|Horses|CH4;;;;;;
Table3s1|Total agriculture|Manure management|Other livestock|Horses|N2O;;;;;;
Table3s1|Total agriculture|Manure management|Other livestock|Mules and Asses|CH4;;;;;;
Table3s1|Total agriculture|Manure management|Other livestock|Mules and Asses|N2O;;;;;;
Table3s1|Total agriculture|Manure management|Other livestock|N2O;;;;;;
Table3s1|Total agriculture|Manure management|Other livestock|Ostrich|CH4;;;;;;
Table3s1|Total agriculture|Manure management|Other livestock|Ostrich|N2O;;;;;;
Table3s1|Total agriculture|Manure management|Other livestock|Other|CH4;;;;;;
Table3s1|Total agriculture|Manure management|Other livestock|Other|N2O;;;;;;
Table3s1|Total agriculture|Manure management|Other livestock|Poultry|CH4;;;;;;
Table3s1|Total agriculture|Manure management|Other livestock|Poultry|N2O;;;;;;
Table3s1|Total agriculture|Manure management|Other livestock|Rabbit|CH4;;;;;;
Table3s1|Total agriculture|Manure management|Other livestock|Rabbit|N2O;;;;;;
Table3s1|Total agriculture|Manure management|Sheep|CH4;;;;;;
Table3s1|Total agriculture|Manure management|Sheep|N2O;;;;;;
Table3s1|Total agriculture|Manure management|Swine|CH4;;;;;;
Table3s1|Total agriculture|Manure management|Swine|N2O;;;;;;
Table3s1|Total agriculture|N2O;kt N2O;1;1;kt N2O/yr;Emi|N2O|Agriculture;
Table3s2|Total agriculture|Agricultural soils|N2O;;;;;;
Table3s2|Total agriculture|Field burning of agricultural residues|CH4;;;;;;
Table3s2|Total agriculture|Field burning of agricultural residues|N2O;;;;;;
Table3s2|Total agriculture|Liming|CO2;;;;;;
Table3s2|Total agriculture|Other carbon-containing fertilizers|CO2;;;;;;
Table3s2|Total agriculture|Other|3B NOx Emissions|CH4;;;;;;
Table3s2|Total agriculture|Other|3B NOx Emissions|N2O;;;;;;
Table3s2|Total agriculture|Other|CH4;;;;;;
Table3s2|Total agriculture|Other|CO2;;;;;;
Table3s2|Total agriculture|Other|Digestate renewable raw material atmospheric deposition|N2O;;;;;;
Table3s2|Total agriculture|Other|Digestate renewable raw material storage of dry matter|CH4;;;;;;
Table3s2|Total agriculture|Other|Digestate renewable raw material storage of dry matter|CO2;;;;;;
Table3s2|Total agriculture|Other|Digestate renewable raw material storage of dry matter|N2O;;;;;;
Table3s2|Total agriculture|Other|Digestate renewable raw material|N2O;;;;;;
Table3s2|Total agriculture|Other|N2O;;;;;;
Table3s2|Total agriculture|Rice cultivation|CH4;;;;;;
Table3s2|Total agriculture|Urea application|CO2;;;;;;
Table4|Total LULUCF|CH4;kt CH4;1;0.001;Mt CH4/yr;Emi|CH4|Land-Use Change;
Table4|Total LULUCF|CO2;kt CO2;1;0.001;Mt CO2/yr;Emi|CO2|Land-Use Change;
Table4|Total LULUCF|Cropland|CH4;;;;;;
Table4|Total LULUCF|Cropland|CO2;;;;;;
Table4|Total LULUCF|Cropland|Cropland remaining cropland|CH4;;;;;;
Table4|Total LULUCF|Cropland|Cropland remaining cropland|CO2;;;;;;
Table4|Total LULUCF|Cropland|Cropland remaining cropland|N2O;;;;;;
Table4|Total LULUCF|Cropland|Land converted to cropland|CH4;;;;;;
Table4|Total LULUCF|Cropland|Land converted to cropland|CO2;;;;;;
Table4|Total LULUCF|Cropland|Land converted to cropland|N2O;;;;;;
Table4|Total LULUCF|Cropland|N2O;;;;;;
Table4|Total LULUCF|Forest land|CH4;;;;;;
Table4|Total LULUCF|Forest land|CO2;;;;;;
Table4|Total LULUCF|Forest land|Forest land remaining forest land|CH4;;;;;;
Table4|Total LULUCF|Forest land|Forest land remaining forest land|CO2;;;;;;
Table4|Total LULUCF|Forest land|Forest land remaining forest land|N2O;;;;;;
Table4|Total LULUCF|Forest land|Land converted to forest land|CH4;;;;;;
Table4|Total LULUCF|Forest land|Land converted to forest land|CO2;;;;;;
Table4|Total LULUCF|Forest land|Land converted to forest land|N2O;;;;;;
Table4|Total LULUCF|Forest land|N2O;;;;;;
Table4|Total LULUCF|Grassland|CH4;;;;;;
Table4|Total LULUCF|Grassland|CO2;;;;;;
Table4|Total LULUCF|Grassland|Grassland remaining grassland|CH4;;;;;;
Table4|Total LULUCF|Grassland|Grassland remaining grassland|CO2;;;;;;
Table4|Total LULUCF|Grassland|Grassland remaining grassland|N2O;;;;;;
Table4|Total LULUCF|Grassland|Land converted to grassland|CH4;;;;;;
Table4|Total LULUCF|Grassland|Land converted to grassland|CO2;;;;;;
Table4|Total LULUCF|Grassland|Land converted to grassland|N2O;;;;;;
Table4|Total LULUCF|Grassland|N2O;;;;;;
Table4|Total LULUCF|Harvested wood products|CO2;;;;;;
Table4|Total LULUCF|N2O;kt N2O;1;1;kt N2O/yr;Emi|N2O|Land-Use Change;
Table4|Total LULUCF|Other land|CH4;;;;;;
Table4|Total LULUCF|Other land|CO2;;;;;;
Table4|Total LULUCF|Other land|Land converted to other land|CO2;;;;;;
Table4|Total LULUCF|Other land|Land converted to other land|N2O;;;;;;
Table4|Total LULUCF|Other land|N2O;;;;;;
Table4|Total LULUCF|Other|CH4;;;;;;
Table4|Total LULUCF|Other|CO2;;;;;;
Table4|Total LULUCF|Other|N2O;;;;;;
Table4|Total LULUCF|Other|Other|CH4;;;;;;
Table4|Total LULUCF|Other|Settlements|CH4;;;;;;
Table4|Total LULUCF|Other|Settlements|CO2;;;;;;
Table4|Total LULUCF|Other|Settlements|N2O;;;;;;
Table4|Total LULUCF|Settlements|CH4;;;;;;
Table4|Total LULUCF|Settlements|CO2;;;;;;
Table4|Total LULUCF|Settlements|Land converted to settlements|CH4;;;;;;
Table4|Total LULUCF|Settlements|Land converted to settlements|CO2;;;;;;
Table4|Total LULUCF|Settlements|Land converted to settlements|N2O;;;;;;
Table4|Total LULUCF|Settlements|N2O;;;;;;
Table4|Total LULUCF|Settlements|Settlements remaining settlements|CH4;;;;;;
Table4|Total LULUCF|Settlements|Settlements remaining settlements|CO2;;;;;;
Table4|Total LULUCF|Settlements|Settlements remaining settlements|N2O;;;;;;
Table4|Total LULUCF|Wetlands|CH4;;;;;;
Table4|Total LULUCF|Wetlands|CO2;;;;;;
Table4|Total LULUCF|Wetlands|Land converted to wetlands|CH4;;;;;;
Table4|Total LULUCF|Wetlands|Land converted to wetlands|CO2;;;;;;
Table4|Total LULUCF|Wetlands|Land converted to wetlands|N2O;;;;;;
Table4|Total LULUCF|Wetlands|N2O;;;;;;
Table4|Total LULUCF|Wetlands|Wetlands remaining wetlands|CH4;;;;;;
Table4|Total LULUCF|Wetlands|Wetlands remaining wetlands|CO2;;;;;;
Table4|Total LULUCF|Wetlands|Wetlands remaining wetlands|N2O;;;;;;
Table5|Total waste|Biological treatment of solid waste|Anaerobic digestion at biogas facilities|CH4;;;;;;
Table5|Total waste|Biological treatment of solid waste|Anaerobic digestion at biogas facilities|N2O;;;;;;
Table5|Total waste|Biological treatment of solid waste|CH4;;;;;;
Table5|Total waste|Biological treatment of solid waste|Composting|CH4;;;;;;
Table5|Total waste|Biological treatment of solid waste|Composting|N2O;;;;;;
Table5|Total waste|Biological treatment of solid waste|N2O;;;;;;
Table5|Total waste|CH4;kt CH4;1;0.001;Mt CH4/yr;Emi|CH4|Waste;
Table5|Total waste|CO2;kt CO2;1;0.001;Mt CO2/yr;Emi|CO2|Waste;
Table5|Total waste|Incineration and open burning of waste|CH4;;;;;;
Table5|Total waste|Incineration and open burning of waste|CO2;;;;;;
Table5|Total waste|Incineration and open burning of waste|N2O;;;;;;
Table5|Total waste|Incineration and open burning of waste|Open burning of waste|CH4;;;;;;
Table5|Total waste|Incineration and open burning of waste|Open burning of waste|CO2;;;;;;
Table5|Total waste|Incineration and open burning of waste|Open burning of waste|N2O;;;;;;
Table5|Total waste|Incineration and open burning of waste|Waste incineration|CH4;;;;;;
Table5|Total waste|Incineration and open burning of waste|Waste incineration|CO2;;;;;;
Table5|Total waste|Incineration and open burning of waste|Waste incineration|N2O;;;;;;
Table5|Total waste|N2O;kt N2O;1;1;kt N2O/yr;Emi|N2O|Waste;
Table5|Total waste|Other|Accidental fires|CH4;;;;;;
Table5|Total waste|Other|Accidental fires|CO2;;;;;;
Table5|Total waste|Other|Accidental fires|N2O;;;;;;
Table5|Total waste|Other|CH4;;;;;;
Table5|Total waste|Other|CO2;;;;;;
Table5|Total waste|Other|Mechanical-Biological Treatment MBT|CH4;;;;;;
Table5|Total waste|Other|Mechanical-Biological Treatment MBT|CO2;;;;;;
Table5|Total waste|Other|Mechanical-Biological Treatment MBT|N2O;;;;;;
Table5|Total waste|Other|N2O;;;;;;
Table5|Total waste|Solid waste disposal|CH4;;;;;;
Table5|Total waste|Solid waste disposal|Managed waste disposal sites|CH4;;;;;;
Table5|Total waste|Solid waste disposal|Uncategorized waste disposal sites|CH4;;;;;;
Table5|Total waste|Solid waste disposal|Unmanaged waste disposal sites|CH4;;;;;;
Table5|Total waste|Wastewater treatment and discharge|CH4;;;;;;
Table5|Total waste|Wastewater treatment and discharge|Domestic wastewater|CH4;;;;;;
Table5|Total waste|Wastewater treatment and discharge|Domestic wastewater|N2O;;;;;;
Table5|Total waste|Wastewater treatment and discharge|Industrial wastewater|CH4;;;;;;
Table5|Total waste|Wastewater treatment and discharge|Industrial wastewater|N2O;;;;;;
Table5|Total waste|Wastewater treatment and discharge|N2O;;;;;;
Table5|Total waste|Wastewater treatment and discharge|Other|CH4;;;;;;
Table5|Total waste|Wastewater treatment and discharge|Other|N2O;;;;;;
